,raw_tstats,cell_tstats,raw_pvalues,cell_pvalues,multinomial_ranks,taxonomy
00ab9bd631ca3a99f0ff659dd68515ca,-1.0,-1.0,0.3370490579535843,0.3370490579535843,0.21777481580220392,k__Bacteria; p__Bacteroidetes; c__Bacteroidia; o__Bacteroidales; f__[Paraprevotellaceae]; g__[Prevotella]; s__
01376ed5d219c74273a1d5e58d29fa34,,,,,0.7919543459459417,k__Bacteria; p__Bacteroidetes; c__Bacteroidia; o__Bacteroidales; f__[Paraprevotellaceae]
0198800f76ee3fb08e3e34502867a7c5,-1.1122876516895013,-1.1122876516895013,0.0612247853632258,0.28780130915799634,-0.7116212174848444,k__Bacteria; p__Firmicutes; c__Clostridia; o__Clostridiales; f__Lachnospiraceae
01e9bac078c7cb06142f58c9c2fbc35b,-1.0000000000000002,-1.0000000000000002,0.3370490579535843,0.3370490579535843,0.17079634213887385,k__Bacteria; p__Firmicutes
0204aa97a655fab087a6f6902be35eb6,,,,,0.4360034539743536,k__Bacteria; p__Bacteroidetes; c__Sphingobacteriia; o__Sphingobacteriales; f__Sphingobacteriaceae; g__Sphingobacterium; s__faecium
021fa0fd27ccbaf9c016c18a60f52ffa,-1.0000000000000002,-1.0000000000000002,0.3370490579535843,0.3370490579535843,0.02090520406209162,k__Bacteria; p__Bacteroidetes; c__Bacteroidia; o__Bacteroidales; f__Prevotellaceae; g__Prevotella; s__
0254155623cdb02912ef3db86d5b8bd6,0.5792952608309039,0.5792952608309039,0.34383976424040097,0.5731043936500699,-0.8963603303388483,k__Bacteria; p__Fusobacteria; c__Fusobacteriia; o__Fusobacteriales; f__Leptotrichiaceae; g__Leptotrichia; s__
02f3debc415b4099e684495b198a03e8,,,,,-0.39021437620676813,k__Bacteria; p__Bacteroidetes; c__Bacteroidia; o__Bacteroidales; f__[Paraprevotellaceae]; g__; s__
0440f62914d9cbd3fab890f7aeaf4ea9,1.4918025373824448,1.4918025373824448,0.1098317394125249,0.1615656397177144,-0.6136346385434992,k__Bacteria; p__Fusobacteria; c__Fusobacteriia; o__Fusobacteriales; f__Fusobacteriaceae; g__Fusobacterium; s__
04e0ab653bbd27bcdc156edd091f92a4,0.0776133145461569,0.0776133145461569,0.2649903167217834,0.9394147646218219,-0.2882670686200983,k__Bacteria; p__Proteobacteria; c__Betaproteobacteria; o__Neisseriales; f__Neisseriaceae; g__Kingella; s__
0540188cc86768c48a1b80c5ec04a107,-0.13982663677967871,-0.13982663677967871,0.3060337729685167,0.8911164301190275,-0.5949136540845759,k__Bacteria; p__Firmicutes; c__Clostridia; o__Clostridiales; f__Lachnospiraceae; g__Lachnoanaerobaculum; s__orale
05c2d251996b17582af0cba08f500211,-0.5925830507960128,-0.5925830507960128,0.2343762879649847,0.5644602387161847,-0.7691673562482721,k__Bacteria; p__Actinobacteria; c__Actinobacteria; o__Actinomycetales; f__Actinomycetaceae; g__Actinomyces; s__
05e514cab4fe0eb0b01a97d455428942,0.9999999999999998,0.9999999999999998,0.3370490579535843,0.3370490579535844,0.40729612851582697,k__Bacteria; p__GN02; c__BD1-5; o__; f__; g__; s__
0745eb5121fd62bcffcf97f02a3a7f35,1.1877712959710263,1.1877712959710263,1.0,0.257901998547614,0.3589019253297918,k__Bacteria; p__Spirochaetes; c__Spirochaetes; o__Spirochaetales; f__Spirochaetaceae; g__Treponema; s__
0922291cbf4e17dbb0e67557922c41f2,1.4369530741760792,1.4369530741760792,0.2742051159721212,0.17628933939556515,0.7325946166559332,k__Bacteria; p__Spirochaetes; c__Spirochaetes; o__Spirochaetales; f__Spirochaetaceae; g__Treponema; s__amylovorum
0a5c41846b15981e676414aa98629229,,,,,-0.7821542546705134,k__Bacteria; p__Firmicutes; c__Clostridia; o__Clostridiales; f__Veillonellaceae; g__Megasphaera; s__
0ad47af54774c67f2286f426a018cf73,-1.0481295284279015,-1.0481295284279015,0.16540670552301784,0.3152312075609989,0.11207778001271418,k__Bacteria; p__Firmicutes; c__Clostridia; o__Clostridiales; f__[Tissierellaceae]; g__Anaerococcus; s__
0afabc98ba5f06d77586c65dd984e126,2.7989267167971925,2.7989267167971925,0.04288179504072051,0.016076215237628835,1.3452629646665626,k__Bacteria; p__Firmicutes; c__Bacilli
0b71009ae383571897bac27496d703c2,,,,,0.9850211515470616,k__Bacteria; p__Fusobacteria; c__Fusobacteriia; o__Fusobacteriales; f__Fusobacteriaceae; g__Fusobacterium; s__
0bacd0a54dbb68d4fbb00d777c5d124f,1.6870995469898655,1.6870995469898655,0.6663326629291213,0.11738325277337087,0.388051219229328,k__Bacteria; p__Bacteroidetes; c__Flavobacteriia; o__Flavobacteriales; f__Flavobacteriaceae; g__Capnocytophaga
0c4d2c38b6d0abec860b733cabe457c2,,,,,0.4360034539743536,k__Bacteria; p__Bacteroidetes; c__Flavobacteriia; o__Flavobacteriales; f__[Weeksellaceae]; g__Chryseobacterium; s__
0c76614569ed1835ae7b53b205219243,-1.8636059828642135,-1.8636059828642135,0.03661181184559765,0.08702107315981024,-1.1692203805402643,k__Bacteria; p__Bacteroidetes; c__Bacteroidia; o__Bacteroidales; f__Prevotellaceae; g__Prevotella; s__
0ce8f837ff1a61e4116b35c885529df5,-1.2733253448605453,-1.2733253448605453,0.1725119032438497,0.22701608249038044,-0.526281170602215,k__Bacteria; p__Firmicutes; c__Clostridia; o__Clostridiales; f__Lachnospiraceae
0cfc4ea86d775c87db43709be8876dae,-1.232814087596975,-1.232814087596975,0.22652634282868558,0.24125149857652436,-0.3727452084974177,k__Bacteria; p__Actinobacteria; c__Actinobacteria; o__Actinomycetales; f__Actinomycetaceae; g__Mobiluncus; s__
0d0073729144a6f7739e9d73084c0efc,0.3552056945131686,0.3552056945131686,0.17942596680281128,0.7286005491178896,-0.6942483708814509,k__Bacteria; p__Firmicutes; c__Clostridia; o__Clostridiales; f__Lachnospiraceae; g__Shuttleworthia; s__satelles
115e28c1e70188545e0df9f13829e425,1.0,1.0,0.3370490579535843,0.3370490579535843,2.1389787867113226,k__Bacteria; p__Bacteroidetes; c__Bacteroidia; o__Bacteroidales; f__Prevotellaceae; g__Prevotella; s__melaninogenica
1240b40702bafd9d51c4e587d50b41b3,1.18119700516915,1.18119700516915,0.3370490579535843,0.26040589523091734,0.4614241197153204,k__Bacteria; p__Spirochaetes; c__Spirochaetes; o__Spirochaetales; f__Spirochaetaceae; g__Treponema; s__
1275c8657f3502d2f3d7b0d9ec7e1c78,3.79646516900727,3.79646516900727,0.03761109536910742,0.002546129452738303,2.134520716909992,k__Bacteria; p__Actinobacteria; c__Actinobacteria; o__Actinomycetales; f__Micrococcaceae; g__Rothia; s__aeria
129577597012fe592df786a97c0eaccd,,,,,0.4360034539743536,k__Bacteria; p__GN02; c__BD1-5; o__; f__; g__; s__
1296d682dd385336e3308635cc49e21c,0.7185383959653565,0.7185383959653565,0.9261139315039101,0.4861812906322728,-0.6120136306241877,k__Bacteria; p__Actinobacteria; c__Coriobacteriia; o__Coriobacteriales; f__Coriobacteriaceae; g__Atopobium; s__
12d0df0e28d55e74e5b607019e377daa,,,,,0.4360034539743536,k__Bacteria; p__Proteobacteria; c__Betaproteobacteria; o__Neisseriales; f__Neisseriaceae
13f5aba07d66b4d4f6a20ccd480a3836,1.0672099018600676,1.0672099018600676,0.14856341497154688,0.3068773567319152,-0.7562825009778864,k__Bacteria; p__Actinobacteria; c__Actinobacteria; o__Actinomycetales; f__Actinomycetaceae; g__Actinomyces; s__
14ca6a8129ff8d410ec8b813f368c9f3,1.3486828646133477,1.3486828646133477,0.17990092188541304,0.2023413673975908,-0.9655815885023004,k__Bacteria; p__Fusobacteria; c__Fusobacteriia; o__Fusobacteriales; f__Leptotrichiaceae; g__Leptotrichia; s__
15869fbb559d7a31992e2034442b5099,1.2701370812362576,1.2701370812362576,0.23760820780734496,0.22811140878641525,0.8747927322431677,k__Bacteria; p__Firmicutes; c__Clostridia; o__Clostridiales; f__Veillonellaceae; g__Veillonella; s__dispar
15f92246da9d186be06e176a3eb7a8d2,0.7333441106063735,0.7333441106063735,0.2605917058760785,0.47743135832527983,-0.9098130986646541,k__Bacteria; p__Firmicutes; c__Clostridia; o__Clostridiales; f__Lachnospiraceae; g__Oribacterium; s__
171ab29822871eb4cbe123d884ba89fc,0.840821928162997,0.840821928162997,0.540814409039127,0.4168876699671552,-0.6783589646772272,k__Bacteria; p__Firmicutes; c__Clostridia; o__Clostridiales; f__Lachnospiraceae
193d0014a8badba4d9cd3a5c310df81f,-0.946691136402465,-0.946691136402465,0.29198419064579517,0.36247038282467947,0.06467730546437434,k__Bacteria
19601ed8c3e0a88bf06faa6bca5111a2,1.0,1.0,0.3370490579535843,0.3370490579535843,0.2729421331926458,k__Bacteria; p__Bacteroidetes; c__Flavobacteriia; o__Flavobacteriales
197f46621d5fb3241cb212694943143b,1.0000000000000002,1.0000000000000002,0.3370490579535843,0.3370490579535843,0.5564991309686773,k__Bacteria; p__TM7; c__TM7-3; o__; f__; g__; s__
19d2448a3969eb59c5032b5d35982af8,-1.0000000000000002,-1.0000000000000002,0.3370490579535843,0.3370490579535843,0.09630078816853692,k__Bacteria; p__Bacteroidetes; c__Bacteroidia; o__Bacteroidales; f__Prevotellaceae; g__Prevotella; s__
19e0bb2b8eeec409116533b068261cc3,1.1057960218821306,1.1057960218821306,0.4916400118884191,0.29049161336632107,-0.8039056584791071,k__Bacteria; p__Bacteroidetes; c__Bacteroidia; o__Bacteroidales; f__Prevotellaceae; g__Prevotella; s__
1a6e8198d7efcebe2975132dc7e03fb5,,,,,0.96636272216283,k__Bacteria; p__Firmicutes; c__Clostridia; o__Clostridiales; f__Veillonellaceae; g__Veillonella; s__dispar
1b050f719c047f60bba533c3ba98bfd8,,,,,-0.4673835561231501,k__Bacteria; p__Actinobacteria; c__Actinobacteria; o__Actinomycetales; f__Actinomycetaceae; g__Actinomyces; s__
1b377f1b3c587c8796fb9c1c2423ce29,-1.0,-1.0,0.3370490579535843,0.3370490579535843,0.3495825007005804,k__Bacteria; p__Firmicutes; c__Clostridia; o__Clostridiales; f__Lachnospiraceae; g__Moryella; s__
1b8e8a7670200448107f1b19330b5089,0.3774699969242927,0.3774699969242927,0.4050537110193433,0.7124157035548885,-0.4475590512708552,k__Bacteria; p__Firmicutes; c__Clostridia; o__Clostridiales; f__Lachnospiraceae; g__Oribacterium; s__
1c45a6f56d366c05bfcde0df42e952e7,1.0000000000000002,1.0000000000000002,0.3370490579535843,0.3370490579535843,0.4363564922853582,k__Bacteria; p__Bacteroidetes; c__Bacteroidia; o__Bacteroidales; f__[Paraprevotellaceae]; g__[Prevotella]; s__tannerae
1c8e4345e379083be44a9fc59bb13632,1.9356365825811412,1.9356365825811412,0.922303337180062,0.0768250206429478,-0.13302772497690984,k__Bacteria; p__Actinobacteria; c__Actinobacteria; o__Actinomycetales
1d5f93c84cfa223f791274199b29f802,-1.6464261505656352,-1.6464261505656352,0.26906765402154287,0.1255946772583895,-2.247736148591412,k__Bacteria; p__Firmicutes; c__Clostridia; o__Clostridiales; f__Veillonellaceae
1d7e09f08675c4ddec8d6a195a27c193,-0.4660586156955692,-0.4660586156955692,0.3370490579535843,0.6495196886159464,-0.006791524644268243,k__Bacteria; p__Firmicutes; c__Bacilli; o__Lactobacillales; f__Lactobacillaceae; g__Lactobacillus; s__
1dbf2096a837bcbda19f144fb527c499,1.0000000000000002,1.0000000000000002,0.3370490579535843,0.3370490579535843,0.3117203190370672,k__Bacteria; p__Actinobacteria; c__Actinobacteria; o__Actinomycetales; f__Actinomycetaceae; g__Actinomyces; s__
1eed5bd1a3e6a65e5f10e0643e60f515,-0.17151745869999016,-0.17151745869999016,0.4029054509205665,0.8666752585778306,0.8510648682161444,k__Bacteria; p__SR1; c__; o__; f__; g__; s__
1f0612a4d7b39da7f6948d197fa552a1,1.0000000000000002,1.0000000000000002,0.3370490579535843,0.3370490579535843,0.2343977167650335,k__Bacteria; p__Bacteroidetes
1f12eac04dd240d7eb815f3523f04f24,1.0000000000000002,1.0000000000000002,0.3370490579535843,0.3370490579535843,1.1505478545471304,k__Bacteria; p__Fusobacteria; c__Fusobacteriia; o__Fusobacteriales; f__Leptotrichiaceae; g__Leptotrichia; s__
1f4a324ef8f6601b58c6795683220cc0,0.08414877151649354,0.08414877151649354,0.027860981816241574,0.9343256844004048,-0.9375423715070612,k__Bacteria; p__Bacteroidetes; c__Flavobacteriia; o__Flavobacteriales; f__Flavobacteriaceae; g__Capnocytophaga; s__ochracea
2012b082f259104f405209c1452ecfd7,1.835866012483214,1.835866012483214,0.6973322872045322,0.09126616203999618,-0.2708600089506037,k__Bacteria; p__Bacteroidetes; c__Bacteroidia; o__Bacteroidales; f__[Paraprevotellaceae]; g__[Prevotella]; s__tannerae
2057c401875df2cbd90dca2748918fcc,-1.1588202913485806,-1.1588202913485806,0.2792978278589964,0.2690706368342596,-0.9300526902631648,k__Bacteria; p__Proteobacteria; c__Betaproteobacteria; o__Neisseriales; f__Neisseriaceae
214a537bfbc65010cdb8fe8e7a90e9fa,-1.0000000000000002,-1.0000000000000002,0.3370490579535843,0.3370490579535843,0.2602089121385687,k__Bacteria; p__Proteobacteria; c__Deltaproteobacteria; o__Desulfobacterales; f__Desulfobulbaceae; g__Desulfobulbus; s__
232a39e761759d6bdb138c7cfb2f4d28,1.0396226540130145,1.0396226540130145,0.16540670552301784,0.31900965148941257,-1.4691056535200009,k__Bacteria; p__Spirochaetes; c__Spirochaetes; o__Spirochaetales; f__Spirochaetaceae; g__Treponema; s__
23b269d840ab8f4d539629dde9483117,-1.0000000000000002,-1.0000000000000002,0.3370490579535843,0.3370490579535843,0.10418517137013604,k__Bacteria; p__GN02; c__BD1-5; o__; f__; g__; s__
241abde53ba10a64bd4b3cd29d9d55ef,-1.462820561304953,-1.462820561304953,0.30347524435061124,0.16921004817466548,-0.4289497659162409,k__Bacteria; p__Bacteroidetes; c__Bacteroidia; o__Bacteroidales; f__Prevotellaceae; g__Prevotella; s__
24a0d41d395bdc93206b47f2dfc8559c,0.015237849070803453,0.015237849070803453,0.32144664631751313,0.9880928422557163,0.8990620746656529,k__Bacteria; p__Fusobacteria; c__Fusobacteriia; o__Fusobacteriales; f__Fusobacteriaceae; g__Fusobacterium; s__
2500529b5a1bf49aba503fe02f9a254e,0.9272347519060706,0.9272347519060706,0.3592022831234798,0.3720787662207068,1.4926707371517294,k__Bacteria; p__Bacteroidetes; c__Bacteroidia; o__Bacteroidales; f__Porphyromonadaceae; g__Porphyromonas; s__
255578f5d3aaea3d0f2c04461d100af5,-0.23544716069794017,-0.23544716069794017,0.22073001254728974,0.8178318312574631,-0.0823386237577326,k__Bacteria; p__Fusobacteria; c__Fusobacteriia; o__Fusobacteriales; f__Leptotrichiaceae; g__Leptotrichia; s__
25d0bc970ce52db647439b74f905e506,0.49806744590172475,0.49806744590172475,0.17057335053940031,0.6274389247292663,-1.0148672387555964,k__Bacteria; p__Firmicutes; c__Clostridia; o__Clostridiales; f__Veillonellaceae; g__Dialister; s__
25eceffa4cd0ea265e2402c1674292ad,,,,,0.4360034539743536,k__Bacteria; p__Proteobacteria; c__Alphaproteobacteria; o__Caulobacterales; f__Caulobacteraceae
269cf7928072128361a52ca3a110571f,-0.3855699378161058,-0.3855699378161058,0.3473556844652449,0.7065631135297812,0.3509103729768865,k__Bacteria; p__Proteobacteria; c__Gammaproteobacteria; o__Pasteurellales; f__Pasteurellaceae
2776fcb40bfbc8fb8a3cef3f3f0a803f,,,,,0.6336397006555671,k__Bacteria; p__Proteobacteria; c__Gammaproteobacteria; o__Pseudomonadales; f__Moraxellaceae; g__Acinetobacter
27855451d704f0e78a81e5f951cf28b1,0.6955659636417971,0.6955659636417971,0.06694091234334239,0.49994977405285723,-1.2666699216321833,k__Bacteria; p__Fusobacteria; c__Fusobacteriia; o__Fusobacteriales; f__Fusobacteriaceae; g__Fusobacterium; s__
28a374446612bc3576942f35763e1ec2,,,,,0.23822540784321955,k__Bacteria; p__Proteobacteria; c__Alphaproteobacteria; o__Rickettsiales; f__mitochondria
28f92c2b16844b944aa03c171667f377,-0.9999999999999998,-0.9999999999999998,0.3370490579535843,0.3370490579535844,0.1220000460191839,k__Bacteria; p__Proteobacteria; c__Gammaproteobacteria; o__Pasteurellales; f__Pasteurellaceae; g__Actinobacillus; s__parahaemolyticus
29d866ba0ac6ae0daf95db4fe775d39b,,,,,0.4360034539743536,k__Bacteria; p__Fusobacteria; c__Fusobacteriia; o__Fusobacteriales; f__Leptotrichiaceae; g__Leptotrichia; s__
2a2f3f401b002d68e17c880024e07b27,1.1008986662849967,1.1008986662849967,0.21931126399928402,0.29253381487825264,0.04080993676625333,k__Bacteria; p__Bacteroidetes; c__Flavobacteriia; o__Flavobacteriales; f__Flavobacteriaceae; g__Capnocytophaga
2b2b5f22bf5af722679ba12e4ea02886,0.5875362489465639,0.5875362489465639,0.08324105739667848,0.5677350006288004,-1.058743648286236,k__Bacteria; p__Bacteroidetes; c__Bacteroidia; o__Bacteroidales; f__Prevotellaceae; g__Prevotella; s__
2b3529f934674d43ba2b0a92648af7ca,-1.0536963084686148,-1.0536963084686148,0.29680327507633053,0.31277667008286536,-0.8217756078199274,k__Bacteria; p__Spirochaetes; c__Spirochaetes; o__Spirochaetales; f__Spirochaetaceae
2b47123100a6e3a02a3088806c3fa011,,,,,-0.3283267543271906,k__Bacteria; p__Proteobacteria; c__Gammaproteobacteria; o__Enterobacteriales; f__Enterobacteriaceae
2be90cc9bd2811af7cca6bc28463b176,-1.0348419921673782,-1.0348419921673782,0.018569791233789677,0.3211476831413436,-1.4812614247754938,k__Bacteria; p__Firmicutes; c__Clostridia; o__Clostridiales; f__Veillonellaceae; g__Selenomonas; s__noxia
2cb16f19a154ae6de38df817b7ab8523,1.0000000000000002,1.0000000000000002,0.3370490579535844,0.3370490579535843,0.4360035731836431,k__Bacteria; p__Proteobacteria; c__Gammaproteobacteria; o__Pasteurellales; f__Pasteurellaceae; g__Haemophilus
2ce5e8a89de78b532263e4baa2fbad54,1.0255061177112,1.0255061177112,0.061395328572994165,0.32535333590447135,-0.7805372998670466,k__Bacteria; p__Fusobacteria; c__Fusobacteriia; o__Fusobacteriales; f__Leptotrichiaceae; g__Leptotrichia; s__
2e05bf111843a4ac9fade3f484918a75,1.0054368062240921,1.0054368062240921,0.8149046175202068,0.33453073774431896,0.5465886070772283,k__Bacteria; p__Firmicutes; c__Clostridia; o__Clostridiales; f__Peptostreptococcaceae; g__Filifactor; s__
2f173101691f8f9521e843a5c1ae40c1,,,,,0.4360034539743536,k__Bacteria; p__Firmicutes; c__Bacilli; o__Lactobacillales; f__Streptococcaceae; g__Lactococcus; s__
2f9b615d0c2759349f8112da9eacebd3,,,,,0.4360034539743536,k__Bacteria; p__Firmicutes; c__Bacilli; o__Lactobacillales; f__Lactobacillaceae; g__Lactobacillus; s__zeae
2fcf2f6dfa8b8a33e6ee0dd44b56c093,1.4623416803156413,1.4623416803156413,0.7815663065614684,0.1693388903876931,-0.17698317026652166,k__Bacteria; p__Bacteroidetes; c__Bacteroidia; o__Bacteroidales; f__[Paraprevotellaceae]; g__[Prevotella]; s__tannerae
306140f2902fbb1306821bccd3bf2436,1.5048450701512464,1.5048450701512464,0.38137537119818377,0.15822256814928654,-0.5473304316953547,k__Bacteria; p__Bacteroidetes; c__Bacteroidia; o__Bacteroidales; f__Prevotellaceae; g__Prevotella; s__pallens
3064033c8caa5865e38cfe738ad6ecd3,,,,,0.4360034539743536,k__Bacteria; p__Proteobacteria; c__Alphaproteobacteria; o__Rickettsiales; f__mitochondria
3094c2fa70abb5e9273578af269201d0,0.8403388288880219,0.8403388288880219,0.6804780858021882,0.41714794455678594,0.032930083517658026,k__Bacteria; p__Firmicutes; c__Clostridia; o__Clostridiales; f__[Mogibacteriaceae]
30a38f6733a4f32ed7cef48f65e20b72,0.8913028639433115,0.8913028639433115,0.8831112858817858,0.39028824648378924,0.6648245527788275,k__Bacteria; p__Firmicutes; c__Erysipelotrichi; o__Erysipelotrichales; f__Erysipelotrichaceae; g__Sharpea; s__
315e0e57724191be0d2300cec307a401,1.0000000000000002,1.0000000000000002,,0.3370490579535843,0.3967350199266546,k__Bacteria; p__Fusobacteria; c__Fusobacteriia; o__Fusobacteriales; f__Leptotrichiaceae
317faf40ab70262d43978ca7d1f1509c,0.26192578623609425,0.26192578623609425,0.15057276973246375,0.7978205802825973,-1.3986319825605282,k__Bacteria; p__Fusobacteria; c__Fusobacteriia; o__Fusobacteriales; f__Leptotrichiaceae; g__Leptotrichia; s__
3192ed8ef0fbbeb4b598cd5c5afcc823,1.6630069267600298,1.6630069267600298,0.07967803143397144,0.12218803739564166,1.236096024458038,k__Bacteria; p__Actinobacteria; c__Actinobacteria; o__Actinomycetales; f__Corynebacteriaceae; g__Corynebacterium; s__durum
323a4a7d14296951188b55796f2cf934,,,,,0.5848397686525457,k__Bacteria; p__Firmicutes; c__Clostridia; o__Clostridiales; f__Lachnospiraceae; g__Catonella; s__
33d392cc29bf3da27fa51f7b0ae7860a,,,,,0.3391873314424627,k__Bacteria; p__Bacteroidetes; c__Flavobacteriia; o__Flavobacteriales; f__[Weeksellaceae]; g__; s__
35170b61f6f84e19df0b63e6f9868ca2,1.5790787056993738,1.5790787056993738,0.04970448963190006,0.1403023120063899,-1.0207449719861872,k__Bacteria; p__Firmicutes; c__Clostridia; o__Clostridiales; f__Lachnospiraceae; g__Moryella; s__
353b00e164d7ee0aefd33c34d12562d9,1.0000316571396082,1.0000316571396082,0.3487545726331065,0.33703435468966525,-0.06583505129374334,k__Bacteria; p__Bacteroidetes; c__Bacteroidia; o__Bacteroidales; f__Prevotellaceae; g__Prevotella; s__melaninogenica
35663b420eba4a37a2046b1db4802f92,0.16094695420043806,0.16094695420043806,0.26763982488385374,0.8748129876099784,0.03028399491749933,k__Bacteria; p__Spirochaetes; c__Spirochaetes; o__Spirochaetales; f__Spirochaetaceae; g__Treponema; s__
35b3227dca110e01b250f5304036a978,1.2439900054052684,1.2439900054052684,0.1901514306230487,0.23725508420463595,0.6575637533708685,k__Bacteria; p__TM7; c__TM7-3; o__CW040; f__F16; g__; s__
35e664abee6f84a998c572c4eba806ed,1.0911267146707524,1.0911267146707524,0.29383180000596276,0.29664120670758404,-0.3885270879224665,k__Bacteria; p__Bacteroidetes; c__Bacteroidia; o__Bacteroidales; f__Prevotellaceae; g__Prevotella; s__melaninogenica
368dabfeb2020dc62eed0dca97d2111f,-1.4086996566060346,-1.4086996566060346,0.17450875077509556,0.1843045037407742,0.02582711720906428,k__Bacteria; p__Bacteroidetes
372ee5fa8367d5632ed3b8ba0c8becfc,-2.696740994616431,-2.696740994616431,0.005939807297260346,0.019426129117834905,-2.258662156815899,k__Bacteria; p__Firmicutes; c__Clostridia; o__Clostridiales; f__Veillonellaceae; g__Schwartzia; s__
37390b8982755aee271e1344d446c35b,0.9644801992268175,0.9644801992268175,0.5142119242646003,0.35384007651874105,-0.7291323468641169,k__Bacteria; p__Firmicutes; c__Clostridia; o__Clostridiales; f__Veillonellaceae; g__Dialister; s__
379d8b315627c1476d03fc5e5a110f3a,-0.838766091963077,-0.838766091963077,0.31528176823047094,0.4179960213298629,-0.07427804922617742,k__Bacteria; p__Fusobacteria; c__Fusobacteriia; o__Fusobacteriales; f__Leptotrichiaceae; g__Leptotrichia; s__
37fd17928f3d04aceafda5d8bee63286,-1.3842988206274645,-1.3842988206274645,0.25789647820050826,0.19146959283377188,-1.4972326085523493,k__Bacteria; p__Bacteroidetes; c__Bacteroidia; o__Bacteroidales
384693928f6056883adf8de687a76b65,,,,,1.4807497038885233,k__Bacteria; p__Firmicutes; c__Erysipelotrichi; o__Erysipelotrichales; f__Erysipelotrichaceae; g__Bulleidia; s__
385d596077ffe9ba4dcf4718d48df5a0,0.3120049851347322,0.3120049851347322,0.7938058883554532,0.7603914007553525,1.1382316722913854,k__Bacteria; p__Cyanobacteria; c__Chloroplast; o__Streptophyta; f__; g__; s__
38c1ed7ff76070283f0883b6ea0a84ac,-0.2102256534698312,-0.2102256534698312,0.09835422074691316,0.8370187351292858,-0.6022278592542536,k__Bacteria; p__Bacteroidetes; c__Flavobacteriia; o__Flavobacteriales; f__Flavobacteriaceae; g__Capnocytophaga; s__
3995e7829b778d46c08a8259c281ffd7,0.9321566282888956,0.9321566282888956,0.16058894285771028,0.3696314283139259,0.2564789726778143,k__Bacteria; p__Fusobacteria; c__Fusobacteriia; o__Fusobacteriales; f__Leptotrichiaceae; g__Leptotrichia; s__
39c4199fe81f30a5b4b0fd5bf2f43c03,1.6213858418781084,1.6213858418781084,0.4052177096777708,0.13089753109033866,0.2374760582491033,k__Bacteria; p__Firmicutes; c__Clostridia; o__Clostridiales; f__Veillonellaceae; g__Veillonella
39e5c74d8b2931277dc22c339f16c2c7,,,,,1.5311289652629965,k__Bacteria; p__Fusobacteria; c__Fusobacteriia; o__Fusobacteriales; f__Leptotrichiaceae; g__; s__
3ac3f4c7c45515628515b0eacf5170d5,-1.41746286785697,-1.41746286785697,0.12700385572578834,0.1817864856331568,-2.121519737000836,k__Bacteria; p__Spirochaetes; c__Spirochaetes; o__Spirochaetales; f__Spirochaetaceae; g__Treponema; s__socranskii
3af44834a193ba35da708c69fa10cb36,-1.8547519618184867,-1.8547519618184867,0.34866078445351,0.08835610951546057,-0.1546049640134699,k__Bacteria; p__Spirochaetes; c__Spirochaetes; o__Spirochaetales; f__Spirochaetaceae; g__Treponema; s__
3b7eb9e032841140aae1cdebb5076c3c,-1.0000000000000002,-1.0000000000000002,0.3370490579535843,0.3370490579535843,-0.4805592820600397,k__Bacteria; p__Proteobacteria; c__Betaproteobacteria; o__Neisseriales; f__Neisseriaceae
3bc6d0b911f182dd51d4f47982ebeccf,,,,,-2.2615670487836725,k__Bacteria; p__Fusobacteria; c__Fusobacteriia; o__Fusobacteriales; f__Leptotrichiaceae; g__Leptotrichia; s__
3be84af53366ecb5d9489a5439625afd,,,,,0.4360034539743536,k__Bacteria; p__Fusobacteria; c__Fusobacteriia; o__Fusobacteriales; f__Leptotrichiaceae; g__; s__
3bee764f1e6b8ef9858cb3dc3f92069a,0.5168617469780121,0.5168617469780121,0.4873949362586204,0.6146455464550911,-0.043173246140850274,k__Bacteria; p__Spirochaetes; c__Spirochaetes; o__Spirochaetales; f__Spirochaetaceae; g__Treponema; s__
3c65649e78d03870d3d9c3e87a4dac89,0.07373802733260222,0.07373802733260222,0.14349408002865172,0.9424337386750399,-0.4973085448697932,k__Bacteria; p__Bacteroidetes; c__Bacteroidia; o__Bacteroidales; f__Prevotellaceae; g__Prevotella
3c9ba9bac47d37ac83072ab5736d52b7,0.8736814555382196,0.8736814555382196,0.43659134516133025,0.399438583141535,0.06404358888112238,k__Bacteria
3cd530845b043e7e37f748380bc6c58c,1.0,1.0,0.3370490579535843,0.3370490579535843,1.1374722942157858,k__Bacteria; p__Firmicutes; c__Clostridia; o__Clostridiales; f__Lachnospiraceae; g__Catonella; s__
3de79c4f9ff2890dcc95275046ee5702,0.5449792780221518,0.5449792780221518,0.5979152618606849,0.5957514007944278,-0.2257739827588923,k__Bacteria; p__Bacteroidetes; c__Bacteroidia; o__Bacteroidales; f__Prevotellaceae; g__Prevotella; s__
3e4d61a867aed34bf87a19302a1a3fc4,,,,,0.6905794217630499,k__Bacteria; p__Firmicutes; c__Clostridia; o__Clostridiales; f__Ruminococcaceae; g__Faecalibacterium; s__prausnitzii
3e8f1617da93cbb3e91470e18a72b30f,-1.0000000000000002,-1.0000000000000002,0.3370490579535843,0.3370490579535843,0.5920768454118841,k__Bacteria; p__Fusobacteria; c__Fusobacteriia; o__Fusobacteriales; f__Leptotrichiaceae; g__Leptotrichia; s__
3ed7fe52130f946687694a26dc480d15,,,,,0.6302945687814825,k__Bacteria; p__Firmicutes; c__Bacilli; o__Lactobacillales; f__Lactobacillaceae; g__Lactobacillus; s__helveticus
3f1760499cc74a53839e532e28fb07a1,1.4733926018343986,1.4733926018343986,0.274610129375597,0.16638672510346647,0.5198382809206121,k__Bacteria; p__Proteobacteria; c__Betaproteobacteria; o__Burkholderiales
3f6752aabcc291b67a063fb6492fd107,,,,,0.4360034539743536,k__Bacteria; p__Proteobacteria; c__Gammaproteobacteria; o__Pseudomonadales; f__Moraxellaceae; g__Acinetobacter
3fb2bd1d3552a70f8bd80d452703e0ee,,,,,0.4360034539743536,k__Bacteria; p__Firmicutes; c__Clostridia; o__Clostridiales; f__Ruminococcaceae
40b5483ce71c79173cdcd953bd1c30b8,0.9014977096548691,0.9014977096548691,0.7879608446452064,0.3850604662416204,0.3266053869768255,k__Bacteria; p__Firmicutes; c__Bacilli; o__Lactobacillales; f__Streptococcaceae; g__Streptococcus
41f67443ce8207be0c0a956c47823417,0.62626306673247,0.62626306673247,0.1731220716732016,0.5428718879745931,-0.7903999612287409,k__Bacteria; p__Firmicutes; c__Bacilli; o__Lactobacillales; f__Streptococcaceae; g__Streptococcus; s__
41f72ea0560d754315315bde107b5afc,-0.35161099535268303,-0.35161099535268303,0.18630517201243876,0.7312267963046666,-0.25446730112589666,k__Bacteria; p__Fusobacteria; c__Fusobacteriia; o__Fusobacteriales; f__Leptotrichiaceae; g__Leptotrichia; s__
42d184fe516d3ebe22461d68d2d867db,-1.3061917745179592,-1.3061917745179592,0.23009624787715752,0.21597019506187085,-0.20325987791575265,k__Bacteria; p__Spirochaetes; c__Spirochaetes; o__Spirochaetales; f__Spirochaetaceae; g__Treponema; s__
4333f97aaba82904f5975cf89c540fa3,1.31966162743498,1.31966162743498,0.26669206469113854,0.2115710558503852,-0.7381419465497858,k__Bacteria; p__Bacteroidetes; c__Bacteroidia; o__Bacteroidales; f__Prevotellaceae; g__Prevotella; s__
43388de77b3efd9427c166102f19ad45,,,,,0.4360034539743536,k__Bacteria; p__Firmicutes; c__Clostridia; o__Clostridiales; f__[Tissierellaceae]; g__1-68; s__
43905ed446d13c5232e38ca5ac41f140,,,,,0.4360035731836431,k__Bacteria; p__Proteobacteria; c__Gammaproteobacteria; o__Pseudomonadales; f__Moraxellaceae; g__Acinetobacter; s__johnsonii
4415a64d748a0018388e779b17642d6d,-0.09577076964298128,-0.09577076964298128,0.2642960660107217,0.9252834095092084,0.3480932190462225,k__Bacteria; p__Bacteroidetes; c__Flavobacteriia; o__Flavobacteriales; f__Flavobacteriaceae; g__Capnocytophaga; s__
44acc9847db71da043c1258649e78f27,1.0,1.0,0.3370490579535843,0.3370490579535843,2.727511115316974,k__Bacteria; p__Firmicutes; c__Bacilli; o__Lactobacillales; f__Streptococcaceae; g__Streptococcus
45751685b2d300d16bb702f953e0e5a5,-0.5586378021885011,-0.5586378021885011,0.16540670552301784,0.5866822180685634,-1.1448497102216608,k__Bacteria; p__Bacteroidetes; c__Bacteroidia; o__Bacteroidales; f__Prevotellaceae; g__Prevotella; s__
4575f71a6cf9471ed8e03d4d8886cb99,1.4321693503756636,1.4321693503756636,0.27614620734819045,0.17762547688602429,-0.5647866055921442,k__Bacteria; p__Bacteroidetes; c__Bacteroidia; o__Bacteroidales; f__Prevotellaceae; g__Prevotella; s__
4589af65a46901081384739d3ff8bc52,0.9988778619104883,0.9988778619104883,0.3448989768629064,0.3375705394157865,0.7285436465784185,k__Bacteria; p__Bacteroidetes; c__Bacteroidia; o__Bacteroidales; f__Prevotellaceae; g__Prevotella; s__intermedia
45ea324397fe7d78fdc4fab83dd2f44f,,,,,0.4360034539743536,k__Bacteria; p__Bacteroidetes; c__Sphingobacteriia; o__Sphingobacteriales; f__Sphingobacteriaceae
4616eaeb97ec83efb673a3e81fbca7f7,0.932978814843891,0.932978814843891,0.751483225360242,0.3692237100269542,-0.8306500241712458,k__Bacteria; p__Bacteroidetes; c__Flavobacteriia; o__Flavobacteriales; f__Flavobacteriaceae; g__Capnocytophaga
4629fbb5dde5f8ee07c2259d2887a8d4,1.6771885580646493,1.6771885580646493,0.8971690185256546,0.11933920236619652,0.29650063062153986,k__Bacteria; p__Bacteroidetes; c__Bacteroidia; o__Bacteroidales; f__Porphyromonadaceae; g__Porphyromonas; s__
47866fc93c1bb26e7cd16cf31509866d,-0.4352995544820219,-0.4352995544820219,0.21743660751326133,0.6710713789757541,-0.8923343942121393,k__Bacteria; p__Bacteroidetes; c__Bacteroidia; o__Bacteroidales; f__Porphyromonadaceae; g__Tannerella; s__
48b7da424fc877aacae135d0608f7277,0.9495819424928018,0.9495819424928018,0.5486267279225092,0.3610578662408013,-0.3196106479123957,k__Bacteria; p__Bacteroidetes; c__Flavobacteriia; o__Flavobacteriales; f__Flavobacteriaceae; g__Capnocytophaga; s__canimorsus
4b1e1cdbcd39aaac03ab8829ee54f6c1,,,,,0.4360034539743536,k__Bacteria; p__Proteobacteria; c__Alphaproteobacteria; o__Rickettsiales; f__mitochondria
4c77b4a241dbcc5b0a1156a672494d3c,2.210083239189526,2.210083239189526,0.251924759802947,0.04727335475133225,0.5102106406732672,k__Bacteria; p__Proteobacteria; c__Betaproteobacteria; o__Burkholderiales; f__Burkholderiaceae; g__Lautropia; s__
4e72cb929bc6d7dd2e41a543e1873935,,,,,-1.3674380109266169,k__Bacteria; p__Firmicutes; c__Clostridia; o__Clostridiales; f__Veillonellaceae; g__Selenomonas
4ff24fc8bbb1263940427ba778d2367b,1.8896327219791935,1.8896327219791935,0.16524046722792465,0.08320233582120762,0.8445280268236273,k__Bacteria; p__Bacteroidetes; c__Bacteroidia; o__Bacteroidales; f__[Paraprevotellaceae]; g__[Prevotella]; s__
501fbc1d4cafee319b7e930393cd1b48,-1.308087514392488,-1.308087514392488,0.15967943175160834,0.21534660171628106,-1.0233918950513727,k__Bacteria; p__Bacteroidetes; c__Bacteroidia; o__Bacteroidales; f__Prevotellaceae; g__Prevotella
50945cab167d1ed09f35a03323931193,1.0949939397150756,1.0949939397150756,0.23512284517895574,0.29501053663464905,-0.36261778330363104,k__Bacteria; p__Bacteroidetes; c__Bacteroidia; o__Bacteroidales; f__Prevotellaceae; g__Prevotella; s__melaninogenica
51121722488d0c3da1388d1b117cd239,1.8523494145844708,1.8523494145844708,0.0642767916064319,0.08872157036693941,0.6994022204919927,k__Bacteria; p__Proteobacteria; c__Gammaproteobacteria; o__Pasteurellales; f__Pasteurellaceae; g__Haemophilus; s__parainfluenzae
51c23905e2cf63429fddb36a1e48c372,1.5791565222363968,1.5791565222363968,0.2609106512558907,0.14028448803569407,-0.4638823792890436,k__Bacteria; p__Firmicutes; c__Clostridia; o__Clostridiales; f__Lachnospiraceae; g__Butyrivibrio; s__
51d4af49fcc50a4318d5c87c9adff6aa,-0.9999999999999999,-0.9999999999999999,0.3370490579535843,0.3370490579535844,-0.1455426738218195,k__Bacteria
52408d741bf41c02e897ef1377337472,-0.08859243480938978,-0.08859243480938978,0.2813921686213159,0.9308671741387874,-0.11163847898997137,k__Bacteria
525d932568b0c834dd23577d52bfdd74,0.38374115037364154,0.38374115037364154,0.4699117081759673,0.7078828042222199,0.13755042100392512,k__Bacteria
52bfc516fe2931449d7278e2521cc54c,1.0,1.0,0.3370490579535843,0.3370490579535843,0.8435590937181585,k__Bacteria; p__Firmicutes; c__Clostridia; o__Clostridiales; f__Lachnospiraceae
52f2b86908624221df8647aca0f27d4c,0.32163040911388807,0.32163040911388807,0.3310170766876873,0.7532660375794209,0.05432648206196955,k__Bacteria; p__Tenericutes; c__Mollicutes; o__Mycoplasmatales; f__Mycoplasmataceae; g__Mycoplasma; s__
546f2c0a74a88e6f1f37a2366edb0060,2.1112811179129753,2.1112811179129753,0.13531321468653704,0.05640296839879146,1.6020699515386694,k__Bacteria; p__Actinobacteria; c__Actinobacteria; o__Actinomycetales; f__Micrococcaceae; g__Rothia; s__dentocariosa
547741484f4df17ebcdf41792bc3427b,-1.0,-1.0,0.3370490579535843,0.3370490579535843,-0.6339939162687189,k__Bacteria; p__Bacteroidetes; c__Flavobacteriia; o__Flavobacteriales; f__Flavobacteriaceae; g__Capnocytophaga; s__
57743cdbfe2c234a5d236931416b17ba,,,,,0.4360034539743536,k__Bacteria
58490aa96b5c09f7ded101294bdf0ace,-0.28241025493838073,-0.28241025493838073,0.09793153478964255,0.7824408833988904,-1.3947026059583552,k__Bacteria; p__Firmicutes; c__Clostridia; o__Clostridiales; f__Lachnospiraceae
590c9db2d7033c93d2e4af1a5cb12f65,,,,,-0.7937788293317682,k__Bacteria; p__Bacteroidetes; c__Bacteroidia; o__Bacteroidales; f__Porphyromonadaceae; g__Tannerella; s__
595b5b1bc348319c95cf95ac4d365436,1.4453716441745246,1.4453716441745246,0.23906888901283757,0.17395848562186658,-1.6749462411359677,k__Bacteria; p__Bacteroidetes; c__Bacteroidia; o__Bacteroidales; f__[Paraprevotellaceae]; g__[Prevotella]; s__tannerae
595c971ecf2347150ac8b1138a2e5fa2,1.3176227854039044,1.3176227854039044,0.7351736232069883,0.21223219614991937,-0.002674870248211114,k__Bacteria; p__Firmicutes; c__Clostridia; o__Clostridiales; f__Peptococcaceae; g__Peptococcus; s__
59762beff7168035d696a22dee602eb3,1.0389674285428445,1.0389674285428445,0.7291842278615088,0.31930206149128965,0.1817930414720648,k__Bacteria; p__Fusobacteria; c__Fusobacteriia; o__Fusobacteriales; f__Leptotrichiaceae; g__Leptotrichia; s__
5a7b1b9e2a54e153cd274e59b198fd0b,1.5676038262786105,1.5676038262786105,0.27805497763659737,0.14295223323041747,-0.4988506362394221,k__Bacteria; p__Actinobacteria; c__Actinobacteria; o__Actinomycetales
5af5df8b63e75c02e693d001405281fd,-1.0,-1.0,0.3370490579535843,0.3370490579535843,0.1552719547792547,k__Bacteria; p__Spirochaetes; c__Spirochaetes; o__Spirochaetales; f__Spirochaetaceae; g__Treponema; s__
5b9cc5f3383146b1bdc91664611ad490,1.0383926102267835,1.0383926102267835,0.08844069052653722,0.3195587508574628,-0.5345366523221857,k__Bacteria; p__Firmicutes; c__Clostridia; o__Clostridiales; f__Lachnospiraceae
5c5fb3e43d7509b532cb4aea6a521bbb,1.381332665677516,1.381332665677516,0.19015143062304854,0.19235614876885776,1.8835712745233648,k__Bacteria; p__Bacteroidetes; c__Flavobacteriia; o__Flavobacteriales
5d334fe576cbd68ce365caef9637cd00,,,,,0.4360034539743536,k__Bacteria; p__Cyanobacteria; c__Chloroplast; o__Streptophyta; f__; g__; s__
5dd38f0eea6a6543729c5f272bf505c0,0.950484947070028,0.950484947070028,0.1901514306230487,0.3606174364829787,-0.8956877515272028,k__Bacteria; p__Bacteroidetes; c__Bacteroidia; o__Bacteroidales
5e2e8bc5e39eba6dfb5b64e6be7b1540,1.008467704328702,1.008467704328702,0.31604810281708245,0.33313278618502895,-0.2447795197919733,k__Bacteria; p__Bacteroidetes; c__Bacteroidia; o__Bacteroidales; f__[Paraprevotellaceae]; g__[Prevotella]; s__
5e50837863a571c3a0c2cd1420385e95,1.0,1.0,0.3370490579535843,0.3370490579535843,0.5913394763513677,k__Bacteria
5f66e02cbec2e0fd5d17767796a97ca9,1.05717451021259,1.05717451021259,0.6732484885159089,0.31125026788281224,-0.007530979867351739,k__Bacteria; p__Bacteroidetes; c__Bacteroidia; o__Bacteroidales
5f72b022f4d9d0a6a3d2aba91f33b025,,,,,0.40044081950627497,k__Bacteria; p__Firmicutes; c__Bacilli; o__Lactobacillales; f__Streptococcaceae; g__Streptococcus
5f898501464ed8992334f3d3af1820e4,1.1004499742267264,1.1004499742267264,0.6726862732575218,0.2927214627823168,0.27780622983418635,k__Bacteria; p__Spirochaetes; c__Spirochaetes; o__Spirochaetales; f__Spirochaetaceae; g__Treponema; s__
616f0c5b9d50a9dda46a5cdc5dcdc762,0.27969049699099663,0.27969049699099663,0.2633407415889734,0.7844775127075287,-1.3970481679395563,k__Bacteria; p__Actinobacteria; c__Coriobacteriia; o__Coriobacteriales; f__Coriobacteriaceae; g__Atopobium; s__rimae
62c0ec6be4feb55b672cfebac9f48629,-0.20981618302334998,-0.20981618302334998,0.7938058883554532,0.8373311760813542,0.6263340189500921,k__Bacteria; p__TM7; c__TM7-3; o__CW040; f__; g__; s__
62d64382e98c36ec7709e701735589ff,1.0564392607560638,1.0564392607560638,0.20249602940636677,0.31157246774702707,-0.2223877236799128,k__Bacteria; p__Bacteroidetes; c__Flavobacteriia; o__Flavobacteriales; f__Flavobacteriaceae; g__Capnocytophaga; s__
632eac14d9e07a94e0a8922a7cdf07c7,0.3719271510707689,0.3719271510707689,0.20769592815170163,0.7164317507502151,-0.3910568282560236,k__Bacteria; p__Fusobacteria; c__Fusobacteriia; o__Fusobacteriales; f__Leptotrichiaceae; g__Leptotrichia; s__
634e4c7b48dcbd5f4ffe22ecf885f34f,1.1262681335837093,1.1262681335837093,0.24332745996624155,0.2820719206613631,-0.8509589955762751,k__Bacteria; p__Firmicutes; c__Clostridia; o__Clostridiales; f__Lachnospiraceae; g__Oribacterium; s__
636a2d98fc250b926f26832149ce0b96,-0.4235907085800727,-0.4235907085800727,0.7938058883554532,0.6793576755215688,0.2992400600954168,k__Bacteria; p__Firmicutes; c__Clostridia; o__Clostridiales; f__Lachnospiraceae
636eb3a796e5b40f3162852c5ff21ef5,,,,,0.5818405225320928,k__Bacteria; p__Spirochaetes; c__Spirochaetes; o__Spirochaetales; f__Spirochaetaceae; g__Treponema; s__
6394aa3b5c15928ccbf0c94d7b4ce958,0.9137559639261993,0.9137559639261993,0.5979152618606849,0.37883884651146127,0.005056209807025702,k__Bacteria; p__Firmicutes; c__Clostridia; o__Clostridiales; f__Lachnospiraceae
63aa2386a172bfacfe644fad139c104c,,,,,0.4360034539743536,k__Bacteria; p__Actinobacteria; c__Actinobacteria; o__Actinomycetales; f__Corynebacteriaceae; g__Corynebacterium
64a1a214f39d7bf57a2258bc1941c500,1.0,1.0,0.3370490579535843,0.3370490579535843,0.8980021252676123,k__Bacteria; p__Firmicutes; c__Clostridia; o__Clostridiales; f__Veillonellaceae; g__Selenomonas
6521c7e1cc2ca719c0196642afb65453,1.0797826423724044,1.0797826423724044,0.5209659583087991,0.30146383024111123,0.27187640214406184,k__Bacteria; p__Proteobacteria; c__Betaproteobacteria; o__Neisseriales; f__Neisseriaceae; g__Neisseria
6630fb0bce391a5ec1dc67ee0b618f6e,2.0258072615534717,2.0258072615534717,0.6068474640718549,0.06561098429947079,1.2539094611450308,k__Bacteria; p__Proteobacteria; c__Betaproteobacteria; o__Neisseriales; f__Neisseriaceae; g__Neisseria
667f039061ef0749c8174da1384ff1a1,-1.6415669266554596,-1.6415669266554596,0.05204482541210437,0.1266087345017706,-1.9153341577009089,k__Bacteria; p__Firmicutes; c__Clostridia; o__Clostridiales; f__Veillonellaceae; g__Schwartzia; s__
6725204b0d15c8bf05be7afb6b109722,,,,,-1.0799598023847468,k__Bacteria; p__Bacteroidetes; c__Bacteroidia; o__Bacteroidales; f__Prevotellaceae; g__Prevotella; s__
6837e1794b8f276fa12f9e6b3c4a4319,1.0,1.0,0.3370490579535843,0.3370490579535843,0.6387638523622625,k__Bacteria; p__Fusobacteria; c__Fusobacteriia; o__Fusobacteriales; f__Fusobacteriaceae
68d0828e905f340feeb5f08cba1157e6,-1.0000000000000002,-1.0000000000000002,0.3370490579535843,0.3370490579535843,0.3417968227907293,k__Bacteria; p__Proteobacteria; c__Gammaproteobacteria; o__Pasteurellales; f__Pasteurellaceae
68fcca1b1c4cf725a0276c7d3cb48c43,,,,,0.4360034539743536,k__Bacteria; p__Proteobacteria; c__Alphaproteobacteria; o__BD7-3; f__; g__; s__
69b4f7cc7375046f80e8b43f92aa072b,,,,,-0.2666560933545954,k__Bacteria; p__Bacteroidetes; c__Bacteroidia; o__Bacteroidales; f__Prevotellaceae; g__Prevotella; s__intermedia
69ebb9d52a562cadc7f4ac3194e13bd9,,,,,-0.027601175065410818,k__Bacteria; p__Firmicutes; c__Clostridia; o__Clostridiales; f__[Mogibacteriaceae]; g__Anaerovorax; s__
6bad5f0f2484248490b4c83c6c96e2c1,0.8445229024883225,0.8445229024883225,0.11929248347782963,0.41489732113218936,-1.4725770280317194,k__Bacteria; p__Firmicutes; c__Clostridia; o__Clostridiales; f__Veillonellaceae; g__Selenomonas; s__
6bd09e834dce86ff4ec4a5c0f631fce5,1.0000000000000002,1.0000000000000002,0.3370490579535843,0.3370490579535843,0.7150888516946905,k__Bacteria
6c5cd01c871990dbcebd27ff48a19198,-0.1599469023810457,-0.1599469023810457,0.30265091872152117,0.8755836704880998,0.6771103813692205,k__Bacteria; p__Proteobacteria; c__Betaproteobacteria; o__Neisseriales; f__Neisseriaceae; g__Neisseria; s__bacilliformis
6dee9ad8019d7a6a17aef3ffdc75a287,-1.0000000000000002,-1.0000000000000002,0.3370490579535843,0.3370490579535843,-0.07743876432932684,k__Bacteria; p__Actinobacteria; c__Actinobacteria; o__Actinomycetales; f__Actinomycetaceae; g__Actinomyces; s__
6e6ba3f1d999799f0ba2687bbb293ab2,1.4439114928372938,1.4439114928372938,0.29347077084223205,0.17436088793324941,1.2595665752335659,k__Bacteria; p__Bacteroidetes; c__Bacteroidia; o__Bacteroidales; f__[Paraprevotellaceae]; g__[Prevotella]; s__
6f47312c16018daf100523ef19e3c2e3,1.2936068270530656,1.2936068270530656,0.8387076113049369,0.22014721013981342,-0.2489730641797907,k__Bacteria; p__Bacteroidetes; c__Bacteroidia; o__Bacteroidales; f__Prevotellaceae; g__Prevotella; s__pallens
707f5ba87a63b8071f5b7cad27aa9046,,,,,0.4360034539743536,k__Bacteria; p__Proteobacteria; c__Alphaproteobacteria; o__Rickettsiales; f__mitochondria
70fd8c1c737b5178b1668b4a02222230,0.7359765306047827,0.7359765306047827,0.6888661057332472,0.4758858774921667,-0.10901360964335273,k__Bacteria; p__Firmicutes; c__Clostridia; o__Clostridiales
7103ca5409961d5354a28e5d5ed39a5b,1.3881779823009723,1.3881779823009723,0.16540670552301784,0.19031526843426816,0.6618765070482366,k__Bacteria; p__Firmicutes; c__Erysipelotrichi; o__Erysipelotrichales; f__Erysipelotrichaceae; g__Bulleidia; s__
7144de9684c83011bf5f22cf3b41d0f9,0.5380377225632067,0.5380377225632067,0.0026156702574513745,0.6003880855607164,-0.2369566485837824,k__Bacteria; p__Bacteroidetes; c__Flavobacteriia; o__Flavobacteriales; f__Flavobacteriaceae; g__Capnocytophaga; s__
722d3d1d2c9bd01c51fb6b630f284f9f,,,,,-0.3734140918210871,k__Bacteria; p__Proteobacteria; c__Gammaproteobacteria; o__Pasteurellales; f__Pasteurellaceae
7334e792d9636b5dd455e7031d0f8ef0,-1.0946240860195235,-1.0946240860195235,0.16540670552301784,0.2951661970278072,0.11464960122548272,k__Bacteria; p__Spirochaetes; c__Spirochaetes; o__Spirochaetales; f__Spirochaetaceae; g__Treponema; s__
74a9d59bf3f30fd0e72ba65e53955d15,-1.4770579446379002,-1.4770579446379002,0.2054115000833077,0.1654172450341028,-0.023374609704387872,k__Bacteria; p__Bacteroidetes; c__Bacteroidia; o__Bacteroidales; f__Porphyromonadaceae; g__Tannerella; s__
74ea96809d95b42e8a8a76cafa39153d,-1.0,-1.0,0.3370490579535843,0.3370490579535843,0.03567761922322443,k__Bacteria; p__Fusobacteria; c__Fusobacteriia; o__Fusobacteriales; f__Fusobacteriaceae; g__Fusobacterium; s__
753d254c07e301ff1edf4cbeb7e5a1f8,0.7117211771990613,0.7117211771990613,0.2322437308152726,0.49024288768367297,-1.199645690675152,k__Bacteria; p__Spirochaetes; c__Spirochaetes; o__Spirochaetales; f__Spirochaetaceae
75c1405eb8a41e6e91339d78d3a548a3,,,,,0.7815746142908209,k__Bacteria; p__Firmicutes; c__Bacilli; o__Lactobacillales; f__Lactobacillaceae; g__Lactobacillus; s__delbrueckii
76355427db027e5ec9f4404f906613a1,-1.246004492390615,-1.246004492390615,0.21278195002598693,0.23654036399597184,-1.6782039926008112,k__Bacteria; p__Actinobacteria; c__Actinobacteria; o__Actinomycetales; f__Actinomycetaceae; g__Actinomyces; s__
76472cd61701bcfef12f0e56ae4a2245,0.15062067120552194,0.15062067120552194,0.14548119449593944,0.8827771736726654,-0.4245713279203303,k__Bacteria
772c6edb64dc8d2b67b8eb2362d93f69,-1.6678571359140844,-1.6678571359140844,0.1192804279733782,0.12120703852557399,-0.17920129751719305,k__Bacteria; p__Spirochaetes; c__Spirochaetes; o__Spirochaetales; f__Spirochaetaceae; g__Treponema; s__socranskii
774c45094cda1b8dd6927b5286286851,0.9557401406713201,0.9557401406713201,0.029317832277617764,0.35806183192257546,-0.9099945352033504,k__Bacteria; p__Firmicutes; c__Clostridia; o__Clostridiales; f__Veillonellaceae
783850c71c3366a07cebe6ed6727e673,-1.0,-1.0,0.3370490579535843,0.3370490579535843,-0.3816088960126765,k__Bacteria; p__Proteobacteria; c__Gammaproteobacteria; o__Pseudomonadales; f__Pseudomonadaceae; g__Pseudomonas
78a8c39e07c3672d6a3e1edb3d36b28c,,,,,0.2310726120515936,k__Bacteria; p__Proteobacteria; c__Gammaproteobacteria; o__Cardiobacteriales; f__Cardiobacteriaceae; g__Cardiobacterium; s__valvarum
7945ed12e8c16433888909725ba680d7,1.484104705942186,1.484104705942186,0.20543786640954606,0.1635668523860723,-0.252960972543133,k__Bacteria; p__Firmicutes; c__Erysipelotrichi; o__Erysipelotrichales; f__Erysipelotrichaceae; g__Bulleidia; s__moorei
7a0daa33ccbc81d2544899edcf888dde,,,,,0.4360034539743536,k__Bacteria; p__Spirochaetes; c__Spirochaetes; o__Spirochaetales; f__Spirochaetaceae; g__Treponema; s__amylovorum
7a3c53a016c89d53c85edd54abf40554,-0.5607322390380632,-0.5607322390380632,0.1329089201282344,0.5852979313688584,-0.5712295100644953,k__Bacteria; p__Firmicutes; c__Clostridia; o__Clostridiales
7d2a2944a90db0e8393704a43fc2b913,0.7831249740996805,0.7831249740996805,0.6775474773935442,0.4487338171565113,0.13686353707753351,k__Bacteria; p__Spirochaetes; c__Spirochaetes; o__Spirochaetales; f__Spirochaetaceae; g__Treponema; s__
7d3d1b2ae0269c414e714804a98a9550,,,,,0.5755738093896978,k__Bacteria
7e13214d1972049c9888289702e256d8,,,,,-0.11436479544199775,k__Bacteria; p__Fusobacteria; c__Fusobacteriia; o__Fusobacteriales; f__Leptotrichiaceae; g__Leptotrichia; s__
7e2f2185876e3c49bf9da70b15308e79,1.1464173341688277,1.1464173341688277,0.9562401712928488,0.27396868055407975,-0.11020999407328436,k__Bacteria; p__Bacteroidetes; c__Bacteroidia; o__Bacteroidales; f__Prevotellaceae; g__Prevotella; s__
7e7b12ed246763ee789a162d6769ce18,-1.4719673963119504,-1.4719673963119504,0.2187577882684554,0.16676499000353392,-0.4081101939634211,k__Bacteria; p__TM7; c__TM7-3; o__I025; f__Rs-045; g__; s__
7eb7a384d6ef9f24cf2abe6a53bf7860,0.9999999999999997,0.9999999999999997,0.3370490579535843,0.3370490579535844,-0.15926771616495916,k__Bacteria; p__Cyanobacteria; c__Chloroplast; o__Streptophyta; f__; g__; s__
7f771ef0aa25cd90dac5d55d6b9cb511,-1.262096438831539,-1.262096438831539,0.2813921686213159,0.2308926336035968,-0.0127972886518366,k__Bacteria; p__Bacteroidetes; c__Bacteroidia; o__Bacteroidales; f__Prevotellaceae; g__Prevotella; s__
7f7e45fb16bc75b08d60ac5d15841412,1.1563748151962667,1.1563748151962667,0.8858454148138197,0.27003097579184415,-0.29693096136607,k__Bacteria; p__Spirochaetes; c__Spirochaetes; o__Spirochaetales; f__Spirochaetaceae; g__Treponema; s__
7ff9de602de2341ce096cf3b30404f51,1.441543609111306,1.441543609111306,0.6945591301914256,0.17501511832599664,-0.11506622290171452,k__Bacteria; p__Fusobacteria; c__Fusobacteriia; o__Fusobacteriales; f__Leptotrichiaceae; g__Leptotrichia; s__
8023f538cf0087c28b52083452ca3d56,,,,,-0.5811465308622248,k__Bacteria
80e2a0cdbbf0ae81a93b6ba374faeb14,1.6144655395116194,1.6144655395116194,0.30761208379010263,0.13239720385446013,-0.5393933579877741,k__Bacteria; p__Fusobacteria; c__Fusobacteriia; o__Fusobacteriales; f__Fusobacteriaceae; g__Fusobacterium; s__
8139c4ac825dae48454fb4800fb87896,-1.435030111400848,-1.435030111400848,0.27819169329855165,0.17682542132007953,-0.940744094605816,k__Bacteria; p__Actinobacteria; c__Actinobacteria; o__Actinomycetales; f__Corynebacteriaceae; g__Corynebacterium
81b48d6ded873235c8410d595d4ad0db,0.9999999999999999,0.9999999999999999,0.3370490579535843,0.3370490579535844,0.310487456564533,k__Bacteria; p__TM7; c__TM7-3; o__CW040; f__F16; g__; s__
81bba189c6f0bfc9d91c3c5105c7c305,,,,,-0.387447170968426,k__Bacteria; p__Firmicutes; c__Clostridia; o__Clostridiales; f__Veillonellaceae; g__Selenomonas; s__
828f018c1478cffd893605353abecd1b,-1.0,-1.0,0.3370490579535843,0.3370490579535843,0.4888191297098272,k__Bacteria; p__Bacteroidetes; c__Bacteroidia; o__Bacteroidales; f__Porphyromonadaceae; g__Tannerella; s__
8335a6aeb056b0aa137b4308d7743133,1.0657917377231363,1.0657917377231363,0.8584820400977435,0.3074925206395495,0.057617016081439765,k__Bacteria; p__Bacteroidetes; c__Bacteroidia; o__Bacteroidales; f__Prevotellaceae; g__Prevotella; s__
836509073355ebabaa962a5c30bff503,0.8549646984646198,0.8549646984646198,0.1744407459479561,0.40931607354914723,-0.6777352616742975,k__Bacteria; p__TM7; c__TM7-3; o__; f__; g__; s__
83682d348bbf083fa8f30f4b5de75dc3,1.0849766347077368,1.0849766347077368,0.7532635607854263,0.2992484749585929,0.7022068574472541,k__Bacteria; p__Bacteroidetes; c__Bacteroidia; o__Bacteroidales; f__Prevotellaceae; g__Prevotella; s__
83c79fb52448fbbab6ca18e8296e083b,-1.0,-1.0,0.3370490579535843,0.3370490579535843,0.4360034539743536,k__Bacteria; p__Firmicutes; c__Erysipelotrichi; o__Erysipelotrichales; f__Erysipelotrichaceae; g__Bulleidia; s__
84d0affc7243c7d6261f3a7d680b873f,-1.0,-1.0,0.3370490579535843,0.3370490579535843,-1.0531760976270563,k__Bacteria; p__Proteobacteria; c__Betaproteobacteria; o__Neisseriales; f__Neisseriaceae; g__Neisseria
84e235fc249ada26302ffa297081bf99,-1.0,-1.0,0.3370490579535843,0.3370490579535843,0.3700714185281866,k__Bacteria; p__Proteobacteria; c__Alphaproteobacteria; o__Caulobacterales; f__Caulobacteraceae; g__Brevundimonas
8546c8f294916c03ef6099991975151a,0.9131726500527573,0.9131726500527573,0.9186875019859787,0.37913331450355836,0.25694579625569514,k__Bacteria; p__Bacteroidetes; c__Bacteroidia; o__Bacteroidales; f__Prevotellaceae; g__Prevotella; s__
855737ee127d6ae254fc2900a29004fc,0.11839923285606394,0.11839923285606394,0.2172972987893818,0.9077101819073549,-0.2295672223523981,k__Bacteria; p__Spirochaetes; c__Spirochaetes; o__Spirochaetales; f__Spirochaetaceae; g__Treponema; s__
857b4205ec3f91149633495d70354521,-1.0,-1.0,0.3370490579535843,0.3370490579535843,-0.6613468453840143,k__Bacteria; p__Firmicutes; c__Clostridia; o__Clostridiales; f__[Tissierellaceae]; g__Anaerococcus; s__
860995cab51bb58b699ee1ecba722d54,,,,,1.0815490260168188,k__Bacteria; p__TM7; c__TM7-3; o__CW040; f__; g__; s__
8684b6a7961c0992abe42d81c59468d4,-1.0389834450872277,-1.0389834450872277,0.1334193615450625,0.31929491136641563,-1.665148668046368,k__Bacteria; p__Proteobacteria; c__Gammaproteobacteria; o__Cardiobacteriales; f__Cardiobacteriaceae; g__Cardiobacterium; s__valvarum
86cc17586a66a46a0d967aeba85ac20d,0.9999999999999999,0.9999999999999999,0.3370490579535843,0.3370490579535844,0.372533149962055,k__Bacteria; p__Spirochaetes; c__Spirochaetes; o__Spirochaetales; f__Spirochaetaceae; g__Treponema; s__socranskii
86f97e7476db2760f08c1f6bfccfb0ea,,,,,0.9454258456274144,k__Bacteria
88c48e47c29ee10ec5dc054854a2a517,1.625496866156137,1.625496866156137,0.08667100866554485,0.1300136982038719,-0.5970553681806452,k__Bacteria; p__Bacteroidetes; c__Bacteroidia; o__Bacteroidales; f__Porphyromonadaceae; g__Tannerella; s__
8a186724eb53bb0b7c71f7a016404617,1.0000000000000002,1.0000000000000002,0.3370490579535843,0.3370490579535843,0.6906269862695806,k__Bacteria; p__Actinobacteria; c__Actinobacteria; o__Bifidobacteriales; f__Bifidobacteriaceae; g__Bifidobacterium
8a48bf9639e05c7114dcafbe69a2a87d,1.6745968497974422,1.6745968497974422,0.5735305782141071,0.11985540821759313,-0.12839394068278145,k__Bacteria; p__Firmicutes; c__Clostridia; o__Clostridiales; f__[Tissierellaceae]; g__Parvimonas; s__
8a6a2ed0b69615e91b2c14c975d51626,1.0267841623558298,1.0267841623558298,0.27625310597859837,0.32477521957685584,0.4360034539743536,k__Bacteria; p__Bacteroidetes; c__Bacteroidia; o__Bacteroidales; f__[Paraprevotellaceae]; g__[Prevotella]; s__
8acd9853890798ecbe98715df7a0a677,1.1766807672732784,1.1766807672732784,0.2147864496457555,0.26213692980297554,-1.0649909303144345,k__Bacteria; p__Firmicutes; c__Clostridia; o__Clostridiales; f__Lachnospiraceae; g__Catonella; s__
8b3a84de5ee8f40aa4350c850bf5172f,0.833102750551282,0.833102750551282,0.22961776686854074,0.4210593879574236,-0.7546834275678522,k__Bacteria; p__Bacteroidetes; c__Bacteroidia; o__Bacteroidales; f__Prevotellaceae
8bbaa1eaa1f6ff2eb1b3995fb2e62887,0.7441251822230127,0.7441251822230127,0.3795245958710094,0.47112151489597864,-1.022237233872784,k__Bacteria; p__Proteobacteria; c__Epsilonproteobacteria; o__Campylobacterales; f__Campylobacteraceae; g__Campylobacter
8d48f97e38ab1b57331eb2abdd99db45,0.9370058168748382,0.9370058168748382,0.48629866303609715,0.3672313003911637,0.06747276330434017,k__Bacteria; p__Bacteroidetes; c__Bacteroidia; o__Bacteroidales; f__Porphyromonadaceae; g__Porphyromonas; s__
8d58567ab0ece8ab9f1e5d0da69d5cc0,-1.153589445522747,-1.153589445522747,0.165406705523018,0.2711280201115213,-0.08366625761545965,k__Bacteria
8e1cdd964cdb3d1f18cb6d13d9d661c3,1.2663429387377003,1.2663429387377003,0.5202214450219854,0.22942041544894107,-0.09221821283854316,k__Bacteria; p__Firmicutes; c__Clostridia; o__Clostridiales; f__Lachnospiraceae; g__Catonella; s__
8e3a6f4c829ba8800e40de0f1a9b4ddb,,,,,0.4360034539743536,k__Bacteria; p__Firmicutes; c__Clostridia; o__Clostridiales; f__Veillonellaceae; g__Selenomonas; s__
8e7f9b4e7d0a63fb3cc1e80ee9021b04,0.9462011327089133,0.9462011327089133,0.5709092473261096,0.362710197035083,0.17637056851826838,k__Bacteria; p__Bacteroidetes; c__Bacteroidia; o__Bacteroidales; f__[Paraprevotellaceae]; g__[Prevotella]; s__
8e901c87e71b6b23ab4723ff3191a076,0.5141763081248684,0.5141763081248684,0.19068078781310036,0.6164655906880767,-0.2763897702649958,k__Bacteria; p__Bacteroidetes; c__Bacteroidia; o__Bacteroidales; f__Prevotellaceae
8ea41924fb447cff86851b740f56d337,0.7215288940455847,0.7215288940455847,0.1677970584370368,0.48440609620634456,-1.5111357495740778,k__Bacteria; p__Firmicutes; c__Clostridia; o__Clostridiales; f__Veillonellaceae; g__Selenomonas; s__
8f0ba2d0c4a91f9303ab9e1b48d9f92b,1.6876620748792486,1.6876620748792486,0.1724192834588329,0.11727309252286013,-0.1853124425367243,k__Bacteria; p__Actinobacteria; c__Actinobacteria; o__Actinomycetales; f__Actinomycetaceae; g__Actinomyces
8f112ee05a7d4988fbb99c4acdbaad82,,,,,0.4360034539743536,k__Bacteria; p__Proteobacteria; c__Gammaproteobacteria; o__Enterobacteriales; f__Enterobacteriaceae
8faeccc629ec0c244e2e5b3dc096d499,,,,,0.25328583264790705,k__Bacteria; p__Chloroflexi; c__Anaerolineae; o__Anaerolineales; f__Anaerolinaceae; g__SHD-231; s__
8fc57b0a056523b5c4a2c9ffc1188a97,0.8132162784471881,0.8132162784471881,0.09268643241475422,0.431933608012802,-0.7986439988569147,k__Bacteria; p__Firmicutes; c__Clostridia; o__Clostridiales; f__Peptostreptococcaceae; g__Peptostreptococcus
900a2b113b17a2705180ed5e1558ada4,-0.5778675304064383,-0.5778675304064383,0.029435497455109604,0.5740373862071035,-1.6609217450574765,k__Bacteria; p__Firmicutes; c__Clostridia; o__Clostridiales; f__Veillonellaceae; g__Selenomonas; s__
9049e702d18015c0f3159c054521811b,-0.15960390805501212,-0.15960390805501212,0.9006875315339256,0.8758480273798046,0.28484637284718684,k__Bacteria; p__Proteobacteria; c__Gammaproteobacteria; o__Pasteurellales; f__Pasteurellaceae; g__Aggregatibacter; s__segnis
906e375e3eb44ddf4c970f5e1038c6df,-1.396136675182095,-1.396136675182095,0.19015143062304868,0.18796509454399643,-0.21351604914225408,k__Bacteria; p__Firmicutes; c__Clostridia; o__Clostridiales; f__Veillonellaceae; g__Selenomonas
9086b79bd192bb1aeb516d9a7c3d6601,-0.9732742760077842,-0.9732742760077842,0.4038713406270109,0.3496281876762989,-0.6372911260084039,k__Bacteria; p__Bacteroidetes; c__Bacteroidia; o__Bacteroidales; f__[Paraprevotellaceae]
911f13ee047bcc4f640690ffa7bfedad,0.4996645072885077,0.4996645072885077,0.5844928773057769,0.6263467835390765,0.3807486369653814,k__Bacteria; p__Firmicutes; c__Erysipelotrichi; o__Erysipelotrichales; f__Erysipelotrichaceae; g__Bulleidia; s__
9153f1033728bacb93667ad31f7bf3c9,,,,,-2.620867185349834,k__Bacteria; p__Firmicutes; c__Clostridia; o__Clostridiales; f__Veillonellaceae; g__Veillonella
927381a65ddaa2800255c9186c9b1aaa,1.8182874173977497,1.8182874173977497,0.7642340891459762,0.0940525420656062,0.3269750549837225,k__Bacteria; p__Actinobacteria; c__Actinobacteria; o__Actinomycetales; f__Micrococcaceae; g__Rothia; s__mucilaginosa
92d5146c89923a0748784fc75a6135e1,1.0,1.0,0.3370490579535843,0.3370490579535843,0.5490664913698309,k__Bacteria; p__Fusobacteria; c__Fusobacteriia; o__Fusobacteriales; f__Leptotrichiaceae; g__; s__
9306d3a0154d1c03d3df030f37f07ac3,-1.384025068691544,-1.384025068691544,0.11106505298382795,0.1915512724391673,0.26137251401387385,k__Bacteria; p__TM7; c__TM7-3; o__; f__; g__; s__
9309055fb48fd73d46b2d45aba41a9d4,0.9674920830370597,0.9674920830370597,0.1282510614245207,0.3523934865043187,-1.4319142625287895,k__Bacteria; p__Synergistetes; c__Synergistia; o__Synergistales; f__Dethiosulfovibrionaceae; g__TG5; s__
93fd9587a7cacdd261dfa87d1ac03f69,,,,,-0.4637587592557795,k__Bacteria; p__Proteobacteria; c__Gammaproteobacteria; o__Xanthomonadales; f__Xanthomonadaceae
9421375a214a45d2e702227426671250,-1.4447613009413818,-1.4447613009413818,0.165406705523018,0.17412659450169624,0.25216884160481623,k__Bacteria; p__Proteobacteria
94245cf115fcf3a654be73f195f9784e,1.3764407099567704,1.3764407099567704,0.41422757517390063,0.1938257438814736,-0.3935210034803278,k__Bacteria
94618fbd548fe98e657165faffecda58,,,,,0.4360034539743536,k__Bacteria; p__Fusobacteria; c__Fusobacteriia; o__Fusobacteriales; f__Leptotrichiaceae; g__Leptotrichia; s__
9496b3deef3751dada324142e57b8496,,,,,-0.27265971159495184,k__Bacteria; p__Actinobacteria; c__Actinobacteria; o__Actinomycetales; f__Corynebacteriaceae; g__Corynebacterium
95417e07c236ac7acbf5d66358df296d,1.7450593397094405,1.7450593397094405,0.824876036091049,0.10650395246900377,-0.20264964556254214,k__Bacteria; p__Bacteroidetes; c__Bacteroidia; o__Bacteroidales; f__Prevotellaceae; g__Prevotella; s__
96334d1ffaa05b0d305e6f4de644971a,1.202500067553145,1.202500067553145,0.5696366374617075,0.25236081618062167,-0.0727173612073786,k__Bacteria; p__Firmicutes; c__Clostridia; o__Clostridiales; f__[Mogibacteriaceae]; g__Mogibacterium; s__
96ae8fe511416302e8027d61e8b74833,,,,,0.4360034539743536,k__Bacteria; p__Actinobacteria; c__Actinobacteria; o__Actinomycetales; f__Nocardiaceae; g__Rhodococcus; s__
9709ca509844337d6d7004a6e3257356,0.600955017006973,0.600955017006973,0.3155606569735808,0.5590505701534796,0.10115427518330744,k__Bacteria; p__Firmicutes; c__Clostridia; o__Clostridiales
9825426be20fbb54b2a7f72ee7d48d21,1.3282483711120838,1.3282483711120838,0.09020221941574107,0.20880502894668937,-0.42963164305247137,k__Bacteria; p__Proteobacteria; c__Epsilonproteobacteria; o__Campylobacterales; f__Campylobacteraceae; g__Campylobacter; s__
985c7be743a21455a84b3a2fda5d2d27,1.238972438461748,1.238972438461748,0.4115860185228487,0.2390427526466857,-0.16371338820017645,k__Bacteria; p__Bacteroidetes; c__Bacteroidia; o__Bacteroidales; f__[Paraprevotellaceae]
98acd48dbdfb0a7fb4d751c57fbd31fd,,,,,0.4360034539743536,k__Bacteria; p__Actinobacteria; c__Actinobacteria; o__Bifidobacteriales; f__Bifidobacteriaceae; g__Bifidobacterium
98b8fb4e2dc98e89e2063eb5ad56978d,-0.8510998107621762,-0.8510998107621762,0.09509461038498021,0.4113759966990882,-0.2331692502454645,k__Bacteria; p__Fusobacteria; c__Fusobacteriia; o__Fusobacteriales; f__Leptotrichiaceae; g__Leptotrichia; s__
99283d1d0d344c2ef44dd725b1e569ad,,,,,0.4360034539743536,k__Bacteria; p__Spirochaetes; c__Spirochaetes; o__Spirochaetales; f__Spirochaetaceae; g__Treponema; s__amylovorum
99407aa3e347408f73b4a616435db83c,,,,,0.4360034539743536,k__Bacteria; p__Actinobacteria; c__Actinobacteria; o__Actinomycetales; f__Brevibacteriaceae; g__Brevibacterium
99647b51f775c8ddde8ed36a7d60dbcd,2.629734961071747,2.629734961071747,0.0027678532084757165,0.021986421672695714,1.3437426760240667,k__Bacteria; p__Firmicutes; c__Bacilli; o__Lactobacillales; f__Streptococcaceae; g__Streptococcus
998e1394a895d9bf981675ada8d81c9c,,,,,0.4360034539743536,k__Bacteria; p__Fusobacteria; c__Fusobacteriia; o__Fusobacteriales; f__Leptotrichiaceae; g__; s__
99a5cfa809eaee4949bf29258171c968,-1.0000000000000002,-1.0000000000000002,0.3370490579535843,0.3370490579535843,0.4627145006700628,k__Bacteria; p__Firmicutes; c__Bacilli; o__Lactobacillales; f__Streptococcaceae; g__Streptococcus; s__
9a6bbf7a3ae0a32bd65c01efc6baf88e,,,,,0.39400602126561335,k__Bacteria; p__[Thermi]; c__Deinococci; o__Thermales; f__Thermaceae; g__Thermus; s__
9ac3c50692be6e40e581f77b50b6bf20,-1.4463591512138239,-1.4463591512138239,0.16730518331144198,0.1736867829062996,-1.8563823029950983,k__Bacteria; p__Bacteroidetes; c__Bacteroidia; o__Bacteroidales
9b40ea06cb2c2f75122976fb2a675732,0.592438031418578,0.592438031418578,0.0815857620716374,0.5645541953132984,-0.6012441441968805,k__Bacteria; p__Actinobacteria; c__Actinobacteria; o__Actinomycetales; f__Actinomycetaceae; g__; s__
9b554d9be4712bd316421b75e213b4e3,-1.3943273156958478,-1.3943273156958478,0.1329089201282344,0.18849726012943865,0.022554226164447574,k__Bacteria; p__Proteobacteria; c__Gammaproteobacteria; o__Cardiobacteriales; f__Cardiobacteriaceae
9c17d6e2efcec8cb51590255349da265,,,,,0.4360034539743536,k__Bacteria; p__Bacteroidetes; c__Bacteroidia; o__Bacteroidales; f__Prevotellaceae; g__Prevotella; s__melaninogenica
9d377633aebc18f6fe70ac606c61560a,,,,,0.37423158431492975,k__Bacteria; p__Bacteroidetes; c__Bacteroidia; o__Bacteroidales; f__Prevotellaceae; g__Prevotella; s__
9dd38ef2de28b74605ac0070ed66a967,-0.9999999999999999,-0.9999999999999999,0.3370490579535843,0.3370490579535844,0.5443390681787603,k__Bacteria; p__Bacteroidetes; c__Bacteroidia; o__Bacteroidales
9de9cfbf162c1a287e0314b38b06bc1d,,,,,-0.14834266161478826,k__Bacteria; p__Firmicutes; c__Clostridia; o__Clostridiales; f__Veillonellaceae; g__Schwartzia; s__
9e15e76a487328cc4fe9a0f2a48eb146,,,,,0.4360034539743536,k__Bacteria; p__Proteobacteria; c__Gammaproteobacteria; o__Pasteurellales; f__Pasteurellaceae; g__Haemophilus
9eec995d1b7de24deb146bf87c62e8ef,1.005491956141933,1.005491956141933,0.4704273052651776,0.3345052626856231,2.055471964125263,k__Bacteria; p__Firmicutes; c__Clostridia; o__Clostridiales; f__Veillonellaceae; g__Veillonella; s__
9f39efe5f61d28f840e96bc3a4ceb9e1,1.8235146063147918,1.8235146063147918,0.5982064077403924,0.09321604591027349,0.29404158139668635,k__Bacteria; p__Proteobacteria; c__Betaproteobacteria; o__Burkholderiales; f__Burkholderiaceae; g__Lautropia; s__
9fee0541c33fc3a7f60933b67b7dffe9,,,,,-0.047646932359111986,k__Bacteria; p__Proteobacteria; c__Deltaproteobacteria; o__Desulfovibrionales; f__Desulfovibrionaceae; g__Bilophila; s__
a0946629e7054c9638dd5d2991e1350d,1.7638016254368123,1.7638016254368123,0.39765370923194143,0.10318366741575995,0.1978307440324896,k__Bacteria; p__Proteobacteria; c__Betaproteobacteria; o__Neisseriales; f__Neisseriaceae; g__Kingella; s__
a16679d5a10caa9753f171977552d920,-1.0,-1.0,0.3370490579535843,0.3370490579535843,-0.7697784230665095,k__Bacteria; p__Firmicutes; c__Bacilli
a18f28d224e2a15836f43ff12e27786c,,,,,-0.30946295713938543,k__Bacteria; p__Spirochaetes; c__Spirochaetes; o__Spirochaetales; f__Spirochaetaceae; g__Treponema; s__amylovorum
a1bef55a97db05fdc081a43465349d20,1.0,1.0,0.3370490579535843,0.3370490579535843,0.6927512958093756,k__Bacteria; p__Cyanobacteria; c__Chloroplast; o__Streptophyta; f__; g__; s__
a21e6b641b56c1bea97b953496cc4de5,,,,,0.4360035731836431,k__Bacteria; p__Firmicutes; c__Bacilli; o__Bacillales; f__Bacillaceae
a253accccb2a58adabe6de2c67f79463,,,,,0.4360034539743536,k__Bacteria
a28ae6d63a03ba4cdb3105fb3cc70c75,1.093713009146049,1.093713009146049,0.4120507792969711,0.2955499069727715,-0.8664118573621638,k__Bacteria; p__Firmicutes; c__Clostridia; o__Clostridiales; f__Veillonellaceae
a2d2356e7a5effb0fb6d013bfb923b1a,,,,,0.4360034539743536,k__Bacteria; p__Proteobacteria; c__Gammaproteobacteria; o__Pasteurellales; f__Pasteurellaceae; g__Actinobacillus
a3a465641c75302bc18e43262cc5d42a,1.0,1.0,0.3370490579535843,0.3370490579535843,0.5189935042902105,k__Bacteria; p__Actinobacteria; c__Actinobacteria; o__Actinomycetales; f__Corynebacteriaceae; g__Corynebacterium
a3c411aae6e316341d505af6ca75243e,1.0917951072144354,1.0917951072144354,0.6828170672538473,0.29635888403178484,0.2588355019136541,k__Bacteria; p__Fusobacteria; c__Fusobacteriia; o__Fusobacteriales; f__Leptotrichiaceae; g__Leptotrichia; s__
a4510731648fbdef0ea2444e86854e43,,,,,0.16138608003102473,k__Bacteria; p__Firmicutes; c__Bacilli; o__Lactobacillales; f__Lactobacillaceae; g__Lactobacillus
a4da927fd5b1aeaa27f52f37da9dfc4e,1.6363798622841095,1.6363798622841095,0.08534004004313363,0.12769913311781497,1.4807241334959145,k__Bacteria; p__Bacteroidetes; c__Flavobacteriia; o__Flavobacteriales; f__[Weeksellaceae]; g__; s__
a5402824916049e6a0510dfb58147869,-1.0000000000000002,-1.0000000000000002,0.3370490579535843,0.3370490579535843,0.11001736665211848,k__Bacteria; p__Firmicutes; c__Clostridia; o__Clostridiales; f__[Tissierellaceae]; g__Finegoldia; s__
a557f5948fd2ab3d8f8583c85043872a,1.0996037333179425,1.0996037333179425,0.1745087507750957,0.2930756181488349,-0.6786512658552057,k__Bacteria; p__Bacteroidetes; c__Bacteroidia; o__Bacteroidales
a60427c6af1be00043839e776ac42f86,,,,,-0.0026069209531671693,k__Bacteria; p__Bacteroidetes; c__Flavobacteriia; o__Flavobacteriales; f__Flavobacteriaceae; g__Capnocytophaga; s__ochracea
a67613d18109ca8bda841018545cb1d7,1.7706006575036357,1.7706006575036357,0.38244156166438104,0.10200230628435637,0.7483684494539373,k__Bacteria; p__Bacteroidetes; c__Bacteroidia; o__Bacteroidales; f__Prevotellaceae; g__Prevotella; s__nanceiensis
a759a10943c99bcf0b159b97a3d43390,-0.5821130990549099,-0.5821130990549099,0.11527887591047914,0.5712653806053254,-0.2562861964658625,k__Bacteria; p__Bacteroidetes; c__Flavobacteriia; o__Flavobacteriales; f__Flavobacteriaceae; g__Capnocytophaga; s__ochracea
a7acc2abb505c3ee177a12e514d3b994,-1.4515596942895497,-1.4515596942895497,0.274610129375597,0.17226180150889936,-0.5186219737485773,k__Bacteria; p__Actinobacteria; c__Actinobacteria; o__Actinomycetales
a7f92909575fd948fad074b72093771e,1.0101376102190964,1.0101376102190964,0.3481125617479861,0.332364390368577,0.15808183694325614,k__Bacteria; p__Actinobacteria; c__Actinobacteria; o__Actinomycetales; f__Micrococcaceae; g__Rothia; s__mucilaginosa
a88c2f58d2d53929183bdadf6abd57eb,1.2071662197885071,1.2071662197885071,0.16540670552301784,0.25062499717668374,0.7558323218866461,k__Bacteria; p__Fusobacteria; c__Fusobacteriia; o__Fusobacteriales; f__Leptotrichiaceae; g__Leptotrichia; s__
a8e9d01833a199c3ba4ecd41b7f04afa,1.969945572862621,1.969945572862621,0.21317069017736862,0.07236464338577245,1.8031707181974523,k__Bacteria; p__Bacteroidetes; c__Flavobacteriia; o__Flavobacteriales; f__[Weeksellaceae]
a978026c6c33bccb8dd70bd2ddbf48bf,1.150220397487593,1.150220397487593,0.35341949071434775,0.2724595528001147,1.478931792025196,k__Bacteria; p__Firmicutes; c__Bacilli; o__Lactobacillales; f__Aerococcaceae; g__Abiotrophia
a97f29919eb1c36bf55f6826ff8eb3f8,1.2898652734344398,1.2898652734344398,0.4879868394785949,0.2214015938569502,-0.34935813402689764,k__Bacteria; p__Spirochaetes; c__Spirochaetes
a9b4a380d3b76755de55410a3b856df4,1.8307784796602895,1.8307784796602895,0.2227623524332516,0.09206479870886214,1.705344416145908,k__Bacteria; p__Firmicutes; c__Bacilli; o__Lactobacillales
aa055059749ffee75e5ac8d255f70035,0.32017450184516594,0.32017450184516594,0.12096765855020888,0.7543422915057822,-0.5589895770505802,k__Bacteria
aa4d4cee134211ec1651b7945446ad0f,-0.28230228579797645,-0.28230228579797645,0.15404515747849912,0.7825217016718448,-0.9900471494153864,k__Bacteria; p__Proteobacteria; c__Epsilonproteobacteria; o__Campylobacterales; f__Campylobacteraceae; g__Campylobacter
aaf1f1232737d9346ee18017a76d7027,-1.7235027309060695,-1.7235027309060695,0.04900758711084175,0.11044061434195994,-2.5004848763898737,k__Bacteria; p__Firmicutes; c__Clostridia; o__Clostridiales; f__Veillonellaceae; g__Selenomonas
ab22d1ce88f70e936a7e4ce9e995df1d,-1.0000000000000002,-1.0000000000000002,0.3370490579535843,0.3370490579535843,0.16509408498250178,k__Bacteria; p__Bacteroidetes; c__Bacteroidia; o__Bacteroidales; f__Porphyromonadaceae; g__Porphyromonas; s__
ab6194f1e36506149b47408c1f22fef3,1.1107031024630976,1.1107031024630976,0.4577652804787853,0.28845623307503626,0.07162374997578791,k__Bacteria; p__Proteobacteria; c__Betaproteobacteria; o__Neisseriales; f__Neisseriaceae
ab7dc8433c13bb94829daf2872d9d195,0.921024178989661,0.921024178989661,0.9415510016735106,0.37518304083754317,0.4126005246683233,k__Bacteria; p__Proteobacteria; c__Gammaproteobacteria; o__Pasteurellales; f__Pasteurellaceae; g__Actinobacillus; s__parahaemolyticus
ac61645141c4a41006ca8977daea3746,-1.3935540619606044,-1.3935540619606044,0.152588180651438,0.18872507024409962,-0.5634013936475641,k__Bacteria; p__Actinobacteria; c__Coriobacteriia; o__Coriobacteriales; f__Coriobacteriaceae; g__Atopobium
ad0af56dd44d825708e99de9923745e9,,,,,-0.5459622666791804,k__Bacteria; p__Proteobacteria; c__Betaproteobacteria
ae58b5150e04c883efcd41d49889c60f,-1.2717170790908976,-1.2717170790908976,0.1901514306230488,0.2275680714174572,-0.9624096677259332,k__Bacteria; p__Firmicutes; c__Clostridia; o__Clostridiales; f__Peptostreptococcaceae; g__Peptostreptococcus
af8a7814ad5faeed41c70c19e8d95057,-0.9999999999999998,-0.9999999999999998,0.3370490579535844,0.3370490579535844,-0.18361633276499575,k__Bacteria; p__Spirochaetes; c__Spirochaetes; o__Spirochaetales; f__Spirochaetaceae; g__Treponema; s__
af986d6b5225035d332b23098401b736,-1.048129528427901,-1.048129528427901,0.165406705523018,0.3152312075609992,-0.03661363577402898,k__Bacteria; p__Bacteroidetes; c__Bacteroidia; o__Bacteroidales; f__Prevotellaceae; g__Prevotella
afac895bca45f4f94b0aeb994bac629a,1.3781656580899775,1.3781656580899775,0.15474587120941308,0.193306492972014,-0.5556738898710138,k__Bacteria; p__Actinobacteria; c__Coriobacteriia; o__Coriobacteriales; f__Coriobacteriaceae; g__Atopobium; s__
afb20cec1c4694dde356d9c6f4cf560f,-0.7520392578911472,-0.7520392578911472,0.23465283225828773,0.46652285034075236,-2.184334926362408,k__Bacteria; p__Bacteroidetes; c__Bacteroidia; o__Bacteroidales; f__Prevotellaceae; g__Prevotella; s__
b02a36cef76f2558367b971123dd071d,1.2735627131183103,1.2735627131183103,0.2983401483365626,0.22693470426445667,2.7778039648576844,k__Bacteria; p__Firmicutes; c__Clostridia; o__Clostridiales; f__Veillonellaceae; g__Veillonella; s__
b040c96ee9f644c8665cf927472e08ec,-1.1885458669919113,-1.1885458669919113,0.1192804279733782,0.25760823850804593,-1.238041572327984,k__Bacteria; p__Proteobacteria; c__Betaproteobacteria
b14c8287aa4101398e114cc03b02dcc3,1.0193981727305874,1.0193981727305874,0.2913705377679472,0.3281266629199231,0.5911366417451971,k__Bacteria; p__Bacteroidetes; c__Bacteroidia; o__Bacteroidales; f__[Paraprevotellaceae]; g__[Prevotella]; s__
b2427e7b84cf621185294d1e32c24c01,,,,,0.4360034539743536,k__Bacteria; p__Bacteroidetes; c__Bacteroidia; o__Bacteroidales
b2ce50e552d4e6f6b4004a9ba957be65,1.0,1.0,0.3370490579535843,0.3370490579535843,0.6408565118356817,k__Bacteria; p__Fusobacteria; c__Fusobacteriia; o__Fusobacteriales; f__Fusobacteriaceae; g__Fusobacterium; s__
b36ed4cdf7c0f387ac70951a11bddd29,1.7271432910262277,1.7271432910262277,0.3036587893951045,0.10976680492911901,0.5223127677484625,k__Bacteria; p__Firmicutes; c__Bacilli; o__Lactobacillales
b408059a6dacf56c8e04256150542495,,,,,0.4360034539743536,k__Bacteria; p__WPS-2; c__; o__; f__; g__; s__
b55ffa853e1d1336654fc78d36220572,0.9081619676654722,0.9081619676654722,0.1692136249909041,0.3816693485078827,-1.0870727822736628,k__Bacteria; p__Fusobacteria; c__Fusobacteriia; o__Fusobacteriales; f__Leptotrichiaceae; g__Leptotrichia; s__
b59c41b1fd841b9123b4d58182ad3b2b,,,,,0.4578423574014776,k__Bacteria; p__Proteobacteria; c__Epsilonproteobacteria; o__Campylobacterales; f__Campylobacteraceae; g__Campylobacter; s__
b65c79c74a2594bc47a32b9e245d42df,-0.46685976248657146,-0.46685976248657146,0.16105916539200998,0.6489626463806175,-0.8808008954481013,k__Bacteria; p__Firmicutes
b65fd5cf8ad66cd0c4d425ec210fa2e5,,,,,2.3080893828912847,k__Bacteria; p__Cyanobacteria; c__Chloroplast; o__Streptophyta; f__; g__; s__
b704c6646405327b04e805accfb8d5e9,-1.46526644163842,-1.46526644163842,0.165406705523018,0.16855328082386645,-0.19619231676615545,k__Bacteria; p__Actinobacteria; c__Coriobacteriia; o__Coriobacteriales; f__Coriobacteriaceae
b7c7a5162bd0d375b7980d799a36a327,0.4694991178109348,0.4694991178109348,0.7938058883554532,0.6471290559508714,0.5913394763513677,k__Bacteria; p__Firmicutes; c__Clostridia; o__Clostridiales
b7ef5a2d3f3e3c9d5c64244d291e468a,0.9642334801632815,0.9642334801632815,1.0,0.3539587617034742,-0.4498082921460993,k__Bacteria; p__Bacteroidetes; c__Bacteroidia; o__Bacteroidales; f__Prevotellaceae; g__Prevotella; s__
b860c2fb7c750bc7e96b20013757a70c,-0.6673399843509364,-0.6673399843509364,0.029846904530764225,0.5171829024218203,-0.3054359481290705,k__Bacteria; p__Firmicutes; c__Clostridia; o__Clostridiales; f__[Mogibacteriaceae]; g__; s__
b88ce3bfd25c6cde6a78d1adf3098272,1.0,1.0,0.3370490579535843,0.3370490579535843,1.2226108461066358,k__Bacteria; p__TM7; c__TM7-3; o__CW040; f__; g__; s__
b9c67cb55a4711561e3dc76f2f1198d7,-1.0,-1.0,0.3370490579535843,0.3370490579535843,-0.050906352754009454,k__Bacteria; p__Bacteroidetes; c__Flavobacteriia; o__Flavobacteriales; f__Flavobacteriaceae; g__Capnocytophaga; s__ochracea
bc463e566d8e2991814f58f7a90dea13,0.6461599961123509,0.6461599961123509,0.4458033270120968,0.5303393962309154,-0.6630293652967341,k__Bacteria; p__SR1; c__; o__; f__; g__; s__
bd12ce4b720f4cc778da471919aeae8c,-0.8850850056106364,-0.8850850056106364,0.22179655929096748,0.39350048892974876,-0.280662708039654,k__Bacteria; p__Fusobacteria; c__Fusobacteriia; o__Fusobacteriales; f__Leptotrichiaceae; g__Leptotrichia; s__
bd3eba1093fcc01a3bb856798eb74ad3,,,,,0.4360034539743536,k__Bacteria; p__Firmicutes; c__Bacilli; o__Lactobacillales; f__Lactobacillaceae; g__Lactobacillus; s__salivarius
bd8101a6c827fc59664a156ef66a3828,0.44246184714182146,0.44246184714182146,0.7971768686481816,0.6660247408319896,-0.19393675779856512,k__Bacteria; p__Bacteroidetes; c__Flavobacteriia; o__Flavobacteriales; f__Flavobacteriaceae; g__Capnocytophaga; s__ochracea
bfc6a117e7aeb3f4fe99bc556e9ca18d,,,,,0.4360034539743536,k__Bacteria; p__Fusobacteria; c__Fusobacteriia; o__Fusobacteriales; f__Leptotrichiaceae; g__Leptotrichia; s__
c002fadf11a5526bcb7a297d1318dbfa,1.0952510236702437,1.0952510236702437,0.3370490579535843,0.29490237423505744,0.09231037641011408,k__Bacteria; p__Fusobacteria; c__Fusobacteriia; o__Fusobacteriales; f__Leptotrichiaceae; g__Leptotrichia; s__
c192427b4464e1e6518e606baebdfcc4,1.0309842113434706,1.0309842113434706,0.24017859998533567,0.3228806674084833,-0.9076539800123102,k__Bacteria; p__Bacteroidetes; c__Bacteroidia; o__Bacteroidales; f__Prevotellaceae; g__Prevotella
c27159ac6766f2bb04bc26f8113bd6fb,0.5341894457547935,0.5341894457547935,0.23918617027077632,0.6029665004767071,-1.6180269048169975,k__Bacteria; p__Firmicutes; c__Clostridia; o__Clostridiales; f__Lachnospiraceae; g__Oribacterium; s__
c2de695d57fa30d40e3284efe5c2cbea,-0.9999999999999998,-0.9999999999999998,0.3370490579535844,0.3370490579535844,-0.03584342455424139,k__Bacteria; p__Bacteroidetes
c3692f03d8757deca2202e7fa5288f46,-0.018394990501244594,-0.018394990501244594,0.4234275278502788,0.9856260648359164,-0.2693343684629328,k__Bacteria; p__Spirochaetes; c__Spirochaetes
c37688470a34b5ba729bcdff3c9e9b50,-1.0000000000000002,-1.0000000000000002,0.3370490579535843,0.3370490579535843,-0.12975280737437078,k__Bacteria
c3acff7e2b1c14c645393fd67c4cf4e6,0.6979015787742552,0.6979015787742552,0.8230289404212933,0.4985393249808685,0.06125242257558039,k__Bacteria; p__Firmicutes; c__Clostridia; o__Clostridiales; f__[Tissierellaceae]; g__Parvimonas; s__
c476a045b42b30e13d8a25f4b2e5a226,0.9692745306601421,0.9692745306601421,0.20224549878117554,0.35153937990027584,-0.954272203202618,k__Bacteria; p__Firmicutes; c__Clostridia; o__Clostridiales; f__[Mogibacteriaceae]; g__; s__
c47cb2c8b2023ea0f0a778b405dd5c3a,1.1866372453239935,1.1866372453239935,0.8907260377671353,0.25833256590069104,-0.0888776109174616,k__Bacteria; p__Bacteroidetes; c__Bacteroidia; o__Bacteroidales; f__Prevotellaceae; g__Prevotella; s__melaninogenica
c48582949c0021e011a7b6152f194793,1.218946900641733,1.218946900641733,0.08833401453063289,0.24628441812332094,-1.1492683217481499,k__Bacteria; p__Firmicutes; c__Clostridia; o__Clostridiales; f__Lachnospiraceae; g__Lachnoanaerobaculum; s__orale
c5a86754db93692257b5c723490924e6,1.0,1.0,0.3370490579535843,0.3370490579535843,0.8095626308961981,k__Bacteria
c67dce35ae6dfba66e8e755d4e7d923d,0.8206138522216455,0.8206138522216455,0.5436730515651544,0.427867187565553,-0.5021333024457819,k__Bacteria; p__Firmicutes; c__Clostridia; o__Clostridiales
c68428afd45b083e5238675675d2af8e,,,,,0.5844491794153326,k__Bacteria; p__Proteobacteria; c__Gammaproteobacteria
c704107a9b045b2d7ed07ca079eae6de,0.362239250735268,0.362239250735268,0.03355092712785266,0.7234723310558497,-0.4892834947065241,k__Bacteria; p__Proteobacteria; c__Gammaproteobacteria; o__Cardiobacteriales; f__Cardiobacteriaceae; g__Cardiobacterium; s__
c78b197b971896b9c936b46e41849476,-1.0000000000000002,-1.0000000000000002,0.3370490579535843,0.3370490579535843,0.12151045346699885,k__Bacteria; p__Bacteroidetes; c__Bacteroidia; o__Bacteroidales
c7d5a669125a70a32b850a1e963c13de,-1.3081082507521058,-1.3081082507521058,0.23255915280331527,0.21533978870370976,-2.039811305756939,k__Bacteria; p__Fusobacteria; c__Fusobacteriia; o__Fusobacteriales; f__Leptotrichiaceae; g__Leptotrichia; s__
c84509b5d38955838482e9d6a4770bfe,2.10627739483948,2.10627739483948,0.10016591967612946,0.05690684036379736,2.304510481600391,k__Bacteria; p__Bacteroidetes; c__Bacteroidia; o__Bacteroidales; f__[Paraprevotellaceae]; g__[Prevotella]; s__
c8e16728c858d40fde46be6caf8cb2d1,1.2998285418644522,1.2998285418644522,0.4900962645827025,0.21807407765100972,0.2010997011705511,k__Bacteria; p__Bacteroidetes; c__Bacteroidia; o__Bacteroidales; f__Porphyromonadaceae; g__Tannerella; s__
c8f86ed070441ba177e1c132b9b2ca65,,,,,0.4360034539743536,k__Bacteria; p__Firmicutes; c__Clostridia; o__Clostridiales; f__Lachnospiraceae
caa2c8ade9d15c97176cc0cf58bef786,,,,,0.4266424253030889,k__Bacteria; p__Bacteroidetes; c__Flavobacteriia; o__Flavobacteriales; f__Flavobacteriaceae; g__Capnocytophaga; s__ochracea
cb17be37331f49a77a47856f261315ce,1.0,1.0,0.3370490579535843,0.3370490579535843,0.7512835338159674,k__Bacteria; p__Bacteroidetes; c__Bacteroidia; o__Bacteroidales; f__[Paraprevotellaceae]
cb8a55dfc2326c0724f7638b92653ee7,0.9670176163587513,0.9670176163587513,0.46734712381845034,0.352621089329614,0.7630242183252447,k__Bacteria; p__SR1; c__; o__; f__; g__; s__
cbe6d32ca7a479a71c4fd50e0b9d980b,-0.02573628114670022,-0.02573628114670022,0.059777841854875086,0.9798907208143113,-1.2553273961500055,k__Bacteria; p__Fusobacteria; c__Fusobacteriia; o__Fusobacteriales; f__Leptotrichiaceae; g__Leptotrichia; s__
cc3e5ef19e51d43c807feee68e597cfa,0.5879645135721535,0.5879645135721535,0.14780661601130776,0.5674567104893291,-1.3576804921583063,k__Bacteria; p__Synergistetes; c__Synergistia; o__Synergistales; f__Dethiosulfovibrionaceae; g__TG5; s__
cc52eb5d3bbdeaebe5dfb6b235edbbfe,0.7820902444842464,0.7820902444842464,0.7138720176607969,0.44931888418456567,-0.4441168830350764,k__Bacteria; p__Bacteroidetes; c__Bacteroidia; o__Bacteroidales; f__Prevotellaceae; g__Prevotella; s__
cdd363405ed482776e9de1e5245448b1,-0.2336662628317733,-0.2336662628317733,0.2161219713366992,0.8191827488576509,-1.0494698808149223,k__Bacteria; p__Actinobacteria; c__Actinobacteria; o__Actinomycetales; f__Corynebacteriaceae; g__Corynebacterium
ce0a7bedfbc98dbf07eaffbb567102ef,1.345724713415483,1.345724713415483,0.20405179958110156,0.20326676644947977,0.4287099912210577,k__Bacteria; p__Proteobacteria; c__Gammaproteobacteria; o__Pasteurellales; f__Pasteurellaceae; g__Aggregatibacter
cee0c2d0772e538f63a9fc1c922381e1,-1.3415444234887326,-1.3415444234887326,0.02978671706428502,0.20458041262988755,-0.5693921372846491,k__Bacteria; p__Tenericutes; c__Mollicutes; o__RF39; f__; g__; s__
cf291a0d04cc9133188515244d3f8002,-0.9999999999999998,-0.9999999999999998,0.3370490579535844,0.3370490579535844,-0.09876065706766912,k__Bacteria; p__Proteobacteria; c__Gammaproteobacteria; o__Cardiobacteriales; f__Cardiobacteriaceae; g__Cardiobacterium
cf4aa8c08a2d4690ae1b99cfef272b1e,,,,,0.4360034539743536,k__Bacteria; p__Bacteroidetes; c__Sphingobacteriia; o__Sphingobacteriales; f__Sphingobacteriaceae; g__Pedobacter
cf65684ed1dac5f4e7cc1bfddc9982f1,-1.3560189076649831,-1.3560189076649831,0.27917476048176376,0.20006137450484793,-0.919369630570782,k__Bacteria; p__Fusobacteria; c__Fusobacteriia; o__Fusobacteriales; f__Fusobacteriaceae; g__Fusobacterium; s__
cfcb909f2bdf92be28fcb41983b96751,-0.7999013736543038,-0.7999013736543038,0.2694389723162664,0.4393162154917587,-0.2921988294080622,k__Bacteria; p__Bacteroidetes; c__Bacteroidia; o__Bacteroidales; f__Prevotellaceae; g__Prevotella; s__
cffbe6131ae5774da18f3ed65c2e1eb0,1.0067827510329646,1.0067827510329646,0.17175074344620583,0.3339094169087171,-0.3381277844861872,k__Bacteria; p__Firmicutes; c__Clostridia; o__Clostridiales; f__Veillonellaceae; g__Selenomonas; s__
d061426ac84016b183e18c6e2885fd29,,,,,0.4360034539743536,k__Bacteria; p__Bacteroidetes; c__Bacteroidia; o__Bacteroidales; f__Prevotellaceae; g__Prevotella; s__intermedia
d07128935c411c13bb080133aa3a1262,1.0622186467845451,1.0622186467845451,0.17007789137459883,0.309046521264553,-0.06555896257914373,k__Bacteria; p__GN02; c__BD1-5; o__; f__; g__; s__
d16debdf5982e06ba19c857b8c8278f5,0.5381853537828584,0.5381853537828584,0.0855993857620281,0.6002892821685204,0.8023098781152838,k__Bacteria
d21053daf32f3e2c9be9c6768d6ade32,3.235114712988401,3.235114712988401,0.045225300969055277,0.00715113975607726,1.1487088426395529,k__Bacteria; p__Proteobacteria; c__Gammaproteobacteria; o__Pasteurellales; f__Pasteurellaceae; g__Actinobacillus
d27a0b95095eb7912f7a041282445d86,0.5457882231794263,0.5457882231794263,0.45312018650875785,0.5952122585048791,-0.1460835263685114,k__Bacteria; p__Spirochaetes; c__Spirochaetes; o__Spirochaetales; f__Spirochaetaceae; g__Treponema; s__amylovorum
d2a8811affdca18fbfc7aa973a4d8ca1,1.456075802312093,1.456075802312093,0.21108269683290906,0.17103237506248364,-0.16389625525034734,k__Bacteria; p__Firmicutes; c__Clostridia; o__Clostridiales; f__Veillonellaceae; g__Veillonella; s__dispar
d3665d676c8fd9363c69c743207dd58e,1.6504527593537315,1.6504527593537315,0.16645291286530361,0.12475979041455304,2.7562553360506166,k__Bacteria; p__Bacteroidetes; c__Flavobacteriia; o__Flavobacteriales
d3a5dac580af1f9ccc6f516d334454c5,1.4334992853479953,1.4334992853479953,0.8938199129568756,0.17725316273977837,0.08065325761281184,k__Bacteria; p__Firmicutes; c__Clostridia; o__Clostridiales; f__Lachnospiraceae; g__Oribacterium; s__
d3c43385eff1d6d5e44ac2894f1af886,1.2165529028204087,1.2165529028204087,0.22430591821376566,0.24716164094242551,1.1223465427204244,k__Bacteria; p__Bacteroidetes; c__Bacteroidia; o__Bacteroidales; f__Prevotellaceae; g__Prevotella; s__melaninogenica
d3fa32edbf0bfefeef92e5aa73aa8afe,0.7634890747698052,0.7634890747698052,0.08692051934304854,0.459919646822766,-1.0799307153180964,k__Bacteria; p__Firmicutes; c__Clostridia; o__Clostridiales; f__Lachnospiraceae; g__Moryella; s__
d416f6ce8a003c3c60202376d18452eb,-1.1242351000172388,-1.1242351000172388,0.17007789137459883,0.28289962396021356,0.3046302273317449,k__Bacteria; p__Spirochaetes; c__Spirochaetes; o__Spirochaetales; f__Spirochaetaceae
d4a9aa07c6afb50b86d5f47a4daae372,1.510458155793557,1.510458155793557,0.5193735494895338,0.15680210078479523,-0.5724841878370173,k__Bacteria; p__Spirochaetes; c__Spirochaetes; o__Spirochaetales; f__Spirochaetaceae
d529525489399b7035f29c7e14694379,,,,,0.4360034539743536,k__Bacteria; p__Cyanobacteria; c__Chloroplast; o__Streptophyta; f__; g__; s__
d52e04b709b766e4f29c039ba7ab1cb2,0.47550397889870283,0.47550397889870283,0.35608044030155583,0.6429664249717972,0.0714612677141302,k__Bacteria; p__Actinobacteria; c__Actinobacteria; o__Actinomycetales; f__Micrococcaceae; g__Rothia
d586c0f03388b0ed06a884619665d812,-1.8865829260354456,-1.8865829260354456,0.17804441326513148,0.08364176755496887,-0.4945284650281794,k__Bacteria
d599ebe277afb0dfd4ad3c2176afc50e,1.3135727301543447,1.3135727301543447,0.6088186106955972,0.21355051207111792,0.5727090313478582,k__Bacteria; p__Proteobacteria; c__Betaproteobacteria; o__Neisseriales; f__Neisseriaceae; g__Neisseria
d5c640a3bf0085858f6f9e1c640a17b6,,,,,0.4360034539743536,k__Bacteria; p__Firmicutes; c__Clostridia; o__Clostridiales; f__Ruminococcaceae; g__Faecalibacterium; s__prausnitzii
d870ac89343ab103a53cf7f1752cd09c,0.6784906153648969,0.6784906153648969,0.7938058883554532,0.5103336978640984,0.4515748693987005,k__Bacteria; p__Cyanobacteria; c__Chloroplast; o__Streptophyta; f__; g__; s__
d89adbf400c2b0493403df6d0f282230,,,,,0.4360034539743536,k__Bacteria; p__Cyanobacteria; c__Chloroplast; o__Streptophyta; f__; g__; s__
d8a24a9bb9d02a94a958b34fd47a3a94,,,,,-0.9775263593152888,k__Bacteria; p__Bacteroidetes; c__Bacteroidia; o__Bacteroidales; f__Porphyromonadaceae; g__Tannerella; s__
db3a67b3ff3760fac0cfe6bab50695d8,,,,,0.4360034539743536,k__Bacteria
db5e6cdb9b2c6fbe3684d2b94fe5ea2c,1.4282887571720415,1.4282887571720415,0.39655880272780175,0.17871560176947507,-0.4945414588407404,k__Bacteria; p__Bacteroidetes; c__Bacteroidia; o__Bacteroidales; f__Prevotellaceae; g__Prevotella; s__nigrescens
db6086608389f922cfd2e33a3a6826f5,1.9250172456889794,1.9250172456889794,0.7177642782398456,0.0782560040902364,0.5196776464029425,k__Bacteria; p__Bacteroidetes; c__Flavobacteriia; o__Flavobacteriales; f__[Weeksellaceae]; g__; s__
db7514c9cc6117db4e6f6a74b39a1a96,1.063909739477986,1.063909739477986,0.3370490579535843,0.3083103060699953,0.5806993320032232,k__Bacteria; p__Actinobacteria; c__Actinobacteria; o__Actinomycetales; f__Actinomycetaceae; g__; s__
db870fbe8d7d9d12fe45bdf880a42b9c,1.7183620746959798,1.7183620746959798,0.7385142455930103,0.1113983403782473,0.3110821917101019,k__Bacteria
db90b0040f4e664f24e821b33965e104,,,,,-0.8689445779279596,k__Bacteria; p__Fusobacteria; c__Fusobacteriia; o__Fusobacteriales; f__Leptotrichiaceae; g__Leptotrichia; s__
dc96cbac76e096edec8bc55344860fe5,-0.8257837624894439,-0.8257837624894439,0.4486243602095116,0.42504028832229757,-0.44203131651438543,k__Bacteria; p__Spirochaetes; c__Spirochaetes; o__Spirochaetales; f__Spirochaetaceae; g__Treponema; s__
dc9e0c4f994d94f3863578b34f79ae41,-1.3319625794760332,-1.3319625794760332,0.16540670552301784,0.20761777230717265,-0.5729606673673517,k__Bacteria; p__TM7; c__TM7-3; o__; f__; g__; s__
dca4fd44687cf8eaf0bd364de904dc91,0.5217005950109745,0.5217005950109745,0.8657091900762371,0.6113727980553617,0.4146772100969427,k__Bacteria; p__Proteobacteria; c__Gammaproteobacteria; o__Pseudomonadales; f__Pseudomonadaceae; g__Pseudomonas
dcfc8232d17680309d70191791ab0b1a,,,,,0.6524208858057134,k__Bacteria; p__Firmicutes; c__Clostridia; o__Clostridiales; f__Veillonellaceae; g__Selenomonas; s__
dd67c1434441e5125063e49504d15aaa,1.0676130415726688,1.0676130415726688,0.2521286390067382,0.30670265291494864,0.3315534069582098,k__Bacteria; p__Bacteroidetes; c__Flavobacteriia; o__Flavobacteriales; f__Flavobacteriaceae; g__Capnocytophaga; s__
ddbcdef1b94352eeabdbccf6a2fd9a8f,1.0000000000000002,1.0000000000000002,0.3370490579535843,0.3370490579535843,-0.33566980814493963,k__Bacteria; p__Bacteroidetes; c__Bacteroidia; o__Bacteroidales; f__Prevotellaceae; g__Prevotella
df23fb39ae3e4d7420e97aacc86f5ec8,,,,,0.4360034539743536,k__Bacteria
dfe319ea03fc26f271a6ce910fff94e0,0.922661286547625,0.922661286547625,1.0,0.3743630049132646,0.22078294301472834,k__Bacteria; p__Proteobacteria; c__Epsilonproteobacteria; o__Campylobacterales; f__Campylobacteraceae; g__Campylobacter
e086230a27e3fb8e68506fa93676e3c8,0.9999999999999998,0.9999999999999998,0.3370490579535843,0.3370490579535844,-0.02456777548350164,k__Bacteria; p__Firmicutes; c__Bacilli; o__Lactobacillales
e122b3acedfe1a819e2e7983bdadf10b,0.0018218321621138983,0.0018218321621138983,0.007500494856883235,0.9985763253542967,-0.7899352834180721,k__Bacteria; p__Proteobacteria; c__Epsilonproteobacteria; o__Campylobacterales; f__Campylobacteraceae; g__Campylobacter
e149aec1296f16cb57885d98bc69e616,0.606636367346717,0.606636367346717,0.2944749557195448,0.5553957287717903,-0.5874919221357233,k__Bacteria
e1d427eebadec6e022ae5741e403a128,-1.1556812070552114,-1.1556812070552114,0.17450875077509556,0.27030383824972026,-0.09081702684916326,k__Bacteria; p__Firmicutes; c__Clostridia; o__Clostridiales; f__[Mogibacteriaceae]; g__; s__
e284982a9e101cacbe436bda97144ad8,1.570379470043933,1.570379470043933,0.17657834882936105,0.1423073039230001,-0.5230159089521296,k__Bacteria; p__Bacteroidetes; c__Bacteroidia; o__Bacteroidales; f__Porphyromonadaceae; g__Porphyromonas; s__endodontalis
e29d2792c75121d43fc6553ef585e1ca,1.0000000000000002,1.0000000000000002,0.3370490579535843,0.3370490579535843,-0.02122586226023504,k__Bacteria; p__Actinobacteria; c__Actinobacteria; o__Bifidobacteriales; f__Bifidobacteriaceae; g__Alloscardovia; s__
e2e427425f99a8a787b1fdc4a9828d8b,,,,,0.4360034539743536,k__Bacteria; p__Bacteroidetes; c__Bacteroidia; o__Bacteroidales; f__Prevotellaceae; g__Prevotella; s__nanceiensis
e39a6d34b8bd3b3cac154f0d06c34be7,1.1413208330684248,1.1413208330684248,0.6866543441667198,0.2760011655636857,-1.3046886250928766,k__Bacteria; p__Actinobacteria; c__Actinobacteria; o__Bifidobacteriales; f__Bifidobacteriaceae; g__Scardovia; s__
e3ed7d00c8d0300eb6ae57c458de95b7,0.7056458137106449,0.7056458137106449,0.9092261579347338,0.49387980619447036,0.032446689848529615,k__Bacteria; p__Firmicutes; c__Clostridia; o__Clostridiales; f__Veillonellaceae; g__Veillonella; s__parvula
e4db987b0d14d1e09aa7c4f0c1c5eb6d,1.3875645370380039,1.3875645370380039,0.20050971501713283,0.19049742599301145,1.4095009415789717,k__Bacteria; p__Bacteroidetes; c__Bacteroidia; o__Bacteroidales; f__Prevotellaceae; g__Prevotella
e5349c207a008268b5455529e1ea5f37,-1.3690001078700746,-1.3690001078700746,0.2187577882684554,0.19607879684494375,-0.12357645487345525,k__Bacteria; p__Actinobacteria; c__Coriobacteriia; o__Coriobacteriales; f__Coriobacteriaceae; g__Olsenella; s__uli
e545ecaf08f1838b6dc829f2677df28c,,,,,0.4360034539743536,k__Bacteria; p__Fusobacteria; c__Fusobacteriia; o__Fusobacteriales; f__Fusobacteriaceae
e60e325f10839a53264d636e2298becc,1.3999572704683125,1.3999572704683125,0.7748397765098638,0.18684549662327982,0.8131007626100653,k__Bacteria; p__Firmicutes; c__Bacilli; o__Lactobacillales; f__Streptococcaceae; g__Streptococcus; s__
e62b437858e95fcff32c60ca854fadbf,,,,,0.4360034539743536,k__Bacteria; p__Proteobacteria; c__Gammaproteobacteria; o__Pseudomonadales; f__Moraxellaceae
e63bf82b08616e9edd3c73dd69b7a616,-0.10887851332762136,-0.10887851332762136,0.5107316426784763,0.9150983101828833,-1.1588238999799616,k__Bacteria; p__Bacteroidetes; c__Bacteroidia; o__Bacteroidales; f__Prevotellaceae; g__Prevotella; s__
e779982764485bbb824e1c21ac47ed24,1.2173803308443312,1.2173803308443312,0.8520651687048325,0.246858171022209,0.9126370921178929,k__Bacteria; p__Bacteroidetes; c__Flavobacteriia; o__Flavobacteriales
e7d53a77ec701e151c4ed6ef5e82e584,1.8407167157703612,1.8407167157703612,0.7230447606362962,0.09051055532876273,-0.4979229495481378,k__Bacteria; p__Firmicutes; c__Clostridia; o__Clostridiales; f__[Mogibacteriaceae]; g__Mogibacterium; s__
e9cc17435a51460a7680bf7a8d2606e4,0.9029766440764706,0.9029766440764706,0.9862309045494025,0.38430611788187774,1.217015571837055,k__Bacteria; p__Bacteroidetes; c__Bacteroidia; o__Bacteroidales
ea6dcb345ca75039d2ac6557d4fec4e3,1.1051958816478336,1.1051958816478336,0.2187577882684554,0.2907412889654747,0.7835382893129461,k__Bacteria; p__Fusobacteria; c__Fusobacteriia; o__Fusobacteriales; f__Leptotrichiaceae; g__Leptotrichia; s__
eac0b085f97f76dd33ee6b6c61161f7e,,,,,0.4360034539743536,k__Bacteria; p__Proteobacteria; c__Gammaproteobacteria; o__Pseudomonadales; f__Moraxellaceae
eac50f40834d622d46bac83cf5a63e95,-0.4911755694047086,-0.4911755694047086,0.10908404693684848,0.6321624478947985,-0.06053560232676336,k__Bacteria; p__GN02; c__BD1-5; o__; f__; g__; s__
eb612e768623d94aa7642796580db32d,-0.9999999999999997,-0.9999999999999997,0.3370490579535843,0.3370490579535844,-0.4269645736173517,k__Bacteria; p__Firmicutes; c__Clostridia; o__Clostridiales; f__Lachnospiraceae; g__Johnsonella; s__ignava
eb70bac9017bfc66743e003ab09328da,-1.0,-1.0,0.3370490579535843,0.3370490579535843,0.2980813458009832,k__Bacteria; p__Bacteroidetes; c__Bacteroidia; o__Bacteroidales; f__Prevotellaceae; g__Prevotella; s__
eb82d3f10bb71a45e21c6bb8e5cad7cc,-1.472113615880117,-1.472113615880117,0.18102679656054238,0.16672614821578105,-0.7023026273206598,k__Bacteria; p__Proteobacteria; c__Gammaproteobacteria; o__Enterobacteriales; f__Enterobacteriaceae
ec1e535dd70c6db626a1f6ad53467958,,,,,0.4360034539743536,k__Bacteria; p__TM7; c__TM7-3; o__; f__; g__; s__
ed69dfdb9f2daf0a582431aebc1a6a6c,0.9999999999999999,0.9999999999999999,0.3370490579535843,0.3370490579535844,1.3424081236037635,k__Bacteria; p__Firmicutes; c__Clostridia; o__Clostridiales; f__Veillonellaceae; g__Veillonella; s__parvula
ede386be7eacdc9243214c96444d01c1,,,,,0.4360034539743536,k__Bacteria; p__Spirochaetes
ee103a6d9b81d0cb07a47267de1f412f,-1.0,-1.0,0.3370490579535843,0.3370490579535843,0.3435232117220037,k__Bacteria; p__Proteobacteria; c__Betaproteobacteria; o__Neisseriales; f__Neisseriaceae; g__Kingella; s__
ef9ecba707ad092c6ac7bef17d0db268,-1.0,-1.0,0.3370490579535843,0.3370490579535843,-0.4793072268918879,k__Bacteria; p__Firmicutes; c__Clostridia; o__Clostridiales; f__[Tissierellaceae]; g__Peptoniphilus; s__
eff9c749a2ea3010e19279cd372c1603,,,,,-0.2897614762739069,k__Bacteria; p__Firmicutes; c__Clostridia; o__Clostridiales; f__Lachnospiraceae
f0123974d1c09b8d00b9fdb1efc21331,,,,,0.4360034539743536,k__Bacteria; p__Firmicutes; c__Bacilli; o__Lactobacillales; f__Lactobacillaceae; g__Lactobacillus; s__iners
f0544431f8310f1cd80df21ea2580dc4,1.496754255813928,1.496754255813928,0.31679629469643333,0.16028938750010166,0.16997260594807795,k__Bacteria; p__Bacteroidetes; c__Bacteroidia; o__Bacteroidales; f__[Paraprevotellaceae]; g__[Prevotella]; s__
f0dda0a0f91c6172e450f7ba90f31e9a,-1.0000000000000002,-1.0000000000000002,0.3370490579535843,0.3370490579535843,-0.02064090227640936,k__Bacteria; p__Firmicutes; c__Clostridia; o__Clostridiales; f__[Tissierellaceae]; g__Anaerococcus; s__
f18a9c8112372e2916a66a9778f3741b,1.5748642945238567,1.5748642945238567,0.531432998378691,0.14127056637355348,0.3527718260332221,k__Bacteria; p__Bacteroidetes; c__Bacteroidia; o__Bacteroidales; f__Prevotellaceae; g__Prevotella; s__melaninogenica
f393f7d8d8a21159302f2725d766f518,,,,,0.4360034539743536,k__Bacteria; p__TM7; c__TM7-3; o__CW040; f__; g__; s__
f3b5102c348c85e9414fd0d20a8871ae,,,,,0.6447978689714544,k__Bacteria; p__Fusobacteria; c__Fusobacteriia; o__Fusobacteriales; f__Leptotrichiaceae; g__Leptotrichia; s__
f3f926558f4afedc84e40757dee67677,-1.0000000000000002,-1.0000000000000002,0.3370490579535843,0.3370490579535843,0.27615661168538264,k__Bacteria; p__TM7; c__TM7-3; o__; f__; g__; s__
f451900d696a7555f2d77a94148dbab5,1.5863831341732257,1.5863831341732257,0.39849290861555764,0.1386377657654642,0.03815550351582697,k__Bacteria; p__Proteobacteria; c__Betaproteobacteria; o__Neisseriales; f__Neisseriaceae
f4ad6145d7d52f050f047cbe9834e8a0,,,,,0.7167269661470526,k__Bacteria; p__Bacteroidetes; c__Bacteroidia; o__Bacteroidales; f__[Paraprevotellaceae]; g__[Prevotella]; s__
f540d33e721da6d5f306137ed0fabbfd,-0.149443186726349,-0.149443186726349,0.610102673656236,0.8836861813553695,-0.1129313037351496,k__Bacteria; p__Bacteroidetes; c__Bacteroidia; o__Bacteroidales; f__Prevotellaceae; g__Prevotella
f58ef02fd3fe4f8f1c8ba13a3e205697,1.6025464930440687,1.6025464930440687,0.6386243929249079,0.135015331050392,0.6667792871042364,k__Bacteria; p__Actinobacteria; c__Actinobacteria; o__Actinomycetales; f__Actinomycetaceae; g__Actinomyces; s__
f5dd5ced62c128376b509e70e8edaae4,-0.03177523247956306,-0.03177523247956306,0.8831112858817858,0.9751736874536466,0.3292134478136175,k__Bacteria; p__Bacteroidetes; c__Bacteroidia; o__Bacteroidales; f__Prevotellaceae; g__Prevotella; s__
f641fa693f791d7469b06d281bd82419,-0.45112488063075973,-0.45112488063075973,0.19466548125250555,0.6599434233278014,-0.19657187914408514,k__Bacteria; p__Actinobacteria; c__Actinobacteria; o__Actinomycetales; f__Actinomycetaceae; g__; s__
f65150a4f1fdd4fde32f5527dd1a75ef,-0.7951002602222063,-0.7951002602222063,0.25920210652418696,0.44199821323382427,-0.7401198670820124,k__Bacteria; p__Bacteroidetes; c__Bacteroidia; o__Bacteroidales; f__Prevotellaceae; g__Prevotella; s__
f6eb8537456dde7792eff60c8d1e797c,2.421250738322193,2.421250738322193,0.01735537132553966,0.03224372155508403,1.2829255945428484,k__Bacteria; p__Proteobacteria; c__Gammaproteobacteria; o__Pasteurellales; f__Pasteurellaceae; g__Haemophilus; s__
f74abd4c6665997ce50f3ac2e4d18250,,,,,0.4360034539743536,k__Bacteria; p__Firmicutes; c__Clostridia; o__Clostridiales; f__Veillonellaceae; g__Veillonella; s__
f7658cea5c4183a00c8a26e0d5a59187,,,,,0.6352781131311529,k__Bacteria; p__Proteobacteria; c__Alphaproteobacteria; o__Rhizobiales; f__Rhizobiaceae
f8fbef73b0469e487c2aa859e5a7955e,-1.3054163701677637,-1.3054163701677637,0.19015143062304854,0.21622568254663174,0.029323883299457343,k__Bacteria; p__Fusobacteria; c__Fusobacteriia; o__Fusobacteriales; f__Leptotrichiaceae; g__Leptotrichia; s__
fa1d43fc2ca29b094513673a68e66777,0.5692637555849577,0.5692637555849577,0.2609106512558907,0.5796769177902515,-0.07288628077067205,k__Bacteria; p__Firmicutes; c__Clostridia; o__Clostridiales; f__Lachnospiraceae
fcf4ac09d4df4a42eeb13898cfe62bb9,1.3748648962508916,1.3748648962508916,0.2635091014472729,0.1943011110178866,1.5510101243301504,k__Bacteria; p__Actinobacteria; c__Actinobacteria; o__Actinomycetales; f__Micrococcaceae; g__Rothia; s__aeria
fd4374a0c15e1ca291f9ba2f1d6e15e4,0.696478313565811,0.696478313565811,0.34911682454184767,0.499398532807,-0.2423461005643732,k__Bacteria; p__Fusobacteria; c__Fusobacteriia; o__Fusobacteriales; f__Leptotrichiaceae; g__Leptotrichia; s__
fdb7f3c00d2654ea0d3f8afcd3c19024,1.5001871213176707,1.5001871213176707,0.7525637365323687,0.15940965683509192,-0.028895907159221856,k__Bacteria; p__Firmicutes; c__Clostridia; o__Clostridiales; f__Lachnospiraceae; g__Catonella; s__
fde71fd19ae125edac13405754d05654,1.9883365161628488,1.9883365161628488,0.16507189904113126,0.07007324592710329,-0.7690107152418024,k__Bacteria; p__Bacteroidetes; c__Bacteroidia; o__Bacteroidales; f__Prevotellaceae; g__Prevotella; s__
fec1a4eeb69b9c18b24c624e7f02a691,,,,,0.4360034539743536,k__Bacteria; p__Proteobacteria; c__Betaproteobacteria
ff0e7651bb616b3fd98f801cab134202,,,,,0.3758849575563543,k__Bacteria; p__Bacteroidetes
ff87795cecc4edbc180c779cefee28b1,0.5934115497534372,0.5934115497534372,0.9281713569703982,0.5639236255613478,-0.4049000070051081,k__Bacteria; p__Firmicutes; c__Clostridia; o__Clostridiales; f__Lachnospiraceae; g__Oribacterium; s__
ffb96377139849b1ff170a8d71ddb396,0.859060837369003,0.859060837369003,0.7112404361897815,0.40714047130449815,-0.6756507680372126,k__Bacteria; p__Bacteroidetes; c__Flavobacteriia; o__Flavobacteriales; f__[Weeksellaceae]; g__; s__
